{
  "metadata": {
    "tool_name": "DamageProfiler",
    "version": "1.1",
    "sample_name": "PaA020.BuffaloCape_Human_nc.Target.rmdup.noMicro.bam"
  },
  "lendist_fw": {
    "64": 4,
    "65": 2,
    "66": 1,
    "67": 2,
    "70": 1,
    "71": 1,
    "77": 1,
    "81": 1,
    "83": 1,
    "84": 1,
    "88": 1,
    "30": 174,
    "31": 130,
    "32": 114,
    "33": 82,
    "34": 74,
    "35": 78,
    "36": 79,
    "37": 61,
    "38": 66,
    "39": 59,
    "40": 45,
    "41": 45,
    "42": 25,
    "43": 35,
    "44": 29,
    "45": 28,
    "46": 29,
    "47": 19,
    "48": 14,
    "49": 9,
    "50": 11,
    "51": 7,
    "52": 7,
    "53": 8,
    "54": 11,
    "55": 5,
    "56": 6,
    "57": 10,
    "58": 8,
    "59": 4,
    "60": 5,
    "61": 3,
    "62": 3,
    "63": 1
  },
  "dmg_5p": [
    0.22245762711864406,
    0.020930232558139535,
    0.02208835341365462,
    0.012958963282937365,
    0.004016064257028112,
    0.0039603960396039604,
    0.008213552361396304,
    0.007042253521126761,
    0.012072434607645875,
    0.0020491803278688526,
    0.007575757575757576,
    0.011695906432748537,
    0.006493506493506494,
    0.016,
    0.007889546351084813,
    0.0078125,
    0.007858546168958742,
    0.003992015968063872,
    0.004024144869215292,
    0.00847457627118644,
    0.004329004329004329,
    0.008695652173913044,
    0.014344262295081968,
    0.013071895424836602,
    0.015151515151515152
  ],
  "summary_stats": {
    "std": 8.830128246101664,
    "median": 36.0,
    "mean_readlength": 38.351586102719054
  },
  "dmg_3p": [
    0.03557312252964427,
    0.011428571428571429,
    0.013888888888888888,
    0.015267175572519083,
    0.009685230024213076,
    0.0044742729306487695,
    0.006864988558352402,
    0.010183299389002037,
    0.01627906976744186,
    0.0,
    0.009029345372460496,
    0.00881057268722467,
    0.004651162790697674,
    0.013605442176870748,
    0.013333333333333334,
    0.0047169811320754715,
    0.007228915662650603,
    0.00663716814159292,
    0.015184381778741865,
    0.004415011037527594,
    0.002232142857142857,
    0.0071090047393364926,
    0.004672897196261682,
    0.004739336492890996,
    0.0
  ],
  "lendist_rv": {
    "64": 3,
    "65": 1,
    "66": 1,
    "67": 2,
    "68": 3,
    "70": 2,
    "71": 1,
    "72": 1,
    "79": 1,
    "80": 2,
    "81": 1,
    "30": 191,
    "31": 107,
    "32": 94,
    "33": 82,
    "34": 64,
    "35": 68,
    "36": 56,
    "37": 64,
    "38": 63,
    "39": 46,
    "40": 52,
    "41": 38,
    "42": 38,
    "43": 32,
    "44": 36,
    "45": 27,
    "46": 23,
    "47": 24,
    "48": 22,
    "49": 17,
    "50": 11,
    "51": 12,
    "52": 11,
    "53": 11,
    "54": 6,
    "55": 9,
    "56": 3,
    "57": 6,
    "58": 7,
    "59": 1,
    "60": 3,
    "61": 7,
    "62": 6,
    "63": 3
  }
}