{
  "metadata": {
    "tool_name": "DamageProfiler",
    "version": "1.1",
    "sample_name": "ScA027.BuffaloCape_Human_nc.Target.rmdup.noMicro.bam"
  },
  "lendist_fw": {
    "30": 207,
    "31": 121,
    "32": 102,
    "33": 93,
    "34": 83,
    "35": 72,
    "36": 71,
    "37": 76,
    "38": 57,
    "39": 82,
    "40": 69,
    "41": 59,
    "42": 41,
    "43": 60,
    "44": 57,
    "45": 52,
    "46": 43,
    "47": 35,
    "48": 38,
    "49": 44,
    "50": 47,
    "51": 35,
    "52": 33,
    "53": 40,
    "54": 16,
    "55": 25,
    "56": 30,
    "57": 22,
    "58": 15,
    "59": 18,
    "60": 21,
    "61": 19,
    "62": 11,
    "63": 10,
    "64": 16,
    "65": 9,
    "66": 8,
    "67": 12,
    "68": 12,
    "69": 11,
    "70": 5,
    "71": 8,
    "72": 6,
    "73": 8,
    "74": 5,
    "75": 7,
    "76": 4,
    "77": 8,
    "78": 3,
    "79": 8,
    "80": 3,
    "81": 2,
    "82": 5,
    "83": 5,
    "84": 2,
    "85": 1,
    "86": 1,
    "87": 2,
    "88": 1,
    "89": 3,
    "90": 2,
    "91": 1
  },
  "dmg_5p": [
    0.04086845466155811,
    0.012838801711840228,
    0.008032128514056224,
    0.010914051841746248,
    0.006329113924050633,
    0.004005340453938585,
    0.011889035667107,
    0.008670520231213872,
    0.009259259259259259,
    0.005141388174807198,
    0.007471980074719801,
    0.004021447721179625,
    0.00922266139657444,
    0.0038363171355498722,
    0.005154639175257732,
    0.00535475234270415,
    0.0053404539385847796,
    0.0037593984962406013,
    0.010752688172043012,
    0.005215123859191656,
    0.005161290322580645,
    0.007832898172323759,
    0.005405405405405406,
    0.003865979381443299,
    0.005298013245033113
  ],
  "summary_stats": {
    "std": 13.088276526206943,
    "median": 40.0,
    "mean_readlength": 43.641607098841405
  },
  "dmg_3p": [
    0.007633587786259542,
    0.009380863039399626,
    0.005154639175257732,
    0.008756567425569177,
    0.006279434850863423,
    0.006211180124223602,
    0.006033182503770739,
    0.00625,
    0.0,
    0.0045045045045045045,
    0.004411764705882353,
    0.003169572107765452,
    0.0014245014245014246,
    0.009244992295839754,
    0.0029940119760479044,
    0.005865102639296188,
    0.004366812227074236,
    0.0030349013657056147,
    0.0015105740181268882,
    0.004405286343612335,
    0.002861230329041488,
    0.004155124653739612,
    0.0029154518950437317,
    0.0046439628482972135,
    0.004329004329004329
  ],
  "lendist_rv": {
    "30": 185,
    "31": 130,
    "32": 112,
    "33": 102,
    "34": 79,
    "35": 87,
    "36": 73,
    "37": 82,
    "38": 79,
    "39": 63,
    "40": 62,
    "41": 58,
    "42": 65,
    "43": 52,
    "44": 43,
    "45": 60,
    "46": 52,
    "47": 43,
    "48": 40,
    "49": 30,
    "50": 24,
    "51": 31,
    "52": 36,
    "53": 26,
    "54": 32,
    "55": 16,
    "56": 21,
    "57": 21,
    "58": 19,
    "59": 22,
    "60": 14,
    "61": 11,
    "62": 10,
    "63": 15,
    "64": 16,
    "65": 19,
    "66": 8,
    "67": 8,
    "68": 7,
    "69": 12,
    "70": 8,
    "71": 8,
    "72": 6,
    "73": 9,
    "74": 9,
    "75": 7,
    "76": 9,
    "77": 3,
    "78": 7,
    "79": 3,
    "80": 3,
    "81": 6,
    "82": 4,
    "83": 3,
    "84": 6,
    "85": 1,
    "86": 2,
    "87": 4,
    "88": 3,
    "89": 2,
    "90": 1,
    "91": 2
  }
}