{
  "metadata": {
    "tool_name": "DamageProfiler",
    "version": "1.1",
    "sample_name": "PaA023.BuffaloCape_Human_nc.Target.rmdup.noMicro.bam"
  },
  "lendist_fw": {
    "64": 1,
    "65": 1,
    "70": 1,
    "72": 1,
    "73": 1,
    "77": 1,
    "30": 131,
    "31": 54,
    "32": 35,
    "33": 15,
    "34": 10,
    "35": 16,
    "36": 11,
    "37": 11,
    "38": 8,
    "39": 4,
    "40": 7,
    "41": 5,
    "42": 8,
    "43": 2,
    "44": 5,
    "45": 3,
    "46": 2,
    "47": 4,
    "48": 4,
    "49": 5,
    "50": 1,
    "51": 5,
    "53": 2,
    "56": 1,
    "57": 1,
    "59": 2,
    "61": 2,
    "62": 1
  },
  "dmg_5p": [
    0.040983606557377046,
    0.04672897196261682,
    0.007575757575757576,
    0.022727272727272728,
    0.015384615384615385,
    0.028985507246376812,
    0.023076923076923078,
    0.03278688524590164,
    0.006896551724137931,
    0.0136986301369863,
    0.0,
    0.023076923076923078,
    0.014388489208633094,
    0.016260162601626018,
    0.008264462809917356,
    0.022556390977443608,
    0.014184397163120567,
    0.014925373134328358,
    0.014285714285714285,
    0.0,
    0.0,
    0.014285714285714285,
    0.026785714285714284,
    0.03870967741935484,
    0.02027027027027027
  ],
  "summary_stats": {
    "std": 9.794131574687729,
    "median": 32.0,
    "mean_readlength": 36.668814432989684
  },
  "dmg_3p": [
    0.030303030303030304,
    0.01904761904761905,
    0.01818181818181818,
    0.025210084033613446,
    0.04065040650406504,
    0.0,
    0.017094017094017096,
    0.032,
    0.008264462809917356,
    0.007575757575757576,
    0.013793103448275862,
    0.025,
    0.008064516129032258,
    0.04929577464788732,
    0.008547008547008548,
    0.016129032258064516,
    0.016260162601626018,
    0.024390243902439025,
    0.0,
    0.01680672268907563,
    0.0078125,
    0.008403361344537815,
    0.0,
    0.0,
    0.015384615384615385
  ],
  "lendist_rv": {
    "65": 1,
    "66": 1,
    "67": 1,
    "68": 1,
    "70": 1,
    "71": 2,
    "72": 1,
    "74": 1,
    "30": 100,
    "31": 65,
    "32": 30,
    "33": 16,
    "34": 15,
    "35": 9,
    "36": 3,
    "37": 20,
    "38": 10,
    "39": 3,
    "40": 9,
    "41": 2,
    "42": 2,
    "43": 6,
    "44": 3,
    "45": 7,
    "46": 3,
    "47": 6,
    "48": 2,
    "49": 1,
    "50": 3,
    "51": 2,
    "52": 2,
    "53": 1,
    "54": 5,
    "55": 1,
    "56": 1,
    "57": 3,
    "59": 1,
    "60": 1,
    "62": 1
  }
}