{
  "metadata": {
    "tool_name": "DamageProfiler",
    "version": "1.1",
    "sample_name": "RmA036.GrysbokCape_Human_nc.Target.rmdup.noMicro.bam"
  },
  "lendist_fw": {
    "30": 1547,
    "31": 1452,
    "32": 1434,
    "33": 1447,
    "34": 1383,
    "35": 1514,
    "36": 1401,
    "37": 1494,
    "38": 1419,
    "39": 1504,
    "40": 1397,
    "41": 1333,
    "42": 1294,
    "43": 1327,
    "44": 1223,
    "45": 1237,
    "46": 1162,
    "47": 1123,
    "48": 1094,
    "49": 1079,
    "50": 1059,
    "51": 958,
    "52": 941,
    "53": 970,
    "54": 875,
    "55": 871,
    "56": 809,
    "57": 753,
    "58": 713,
    "59": 736,
    "60": 652,
    "61": 642,
    "62": 596,
    "63": 617,
    "64": 559,
    "65": 523,
    "66": 503,
    "67": 474,
    "68": 469,
    "69": 444,
    "70": 426,
    "71": 392,
    "72": 358,
    "73": 319,
    "74": 338,
    "75": 306,
    "76": 299,
    "77": 275,
    "78": 278,
    "79": 238,
    "80": 221,
    "81": 245,
    "82": 206,
    "83": 241,
    "84": 202,
    "85": 209,
    "86": 190,
    "87": 171,
    "88": 146,
    "89": 164,
    "90": 133,
    "91": 143
  },
  "dmg_5p": [
    0.02490185738559794,
    0.013758874159703461,
    0.007293707816242108,
    0.004986301369863014,
    0.004300724045946976,
    0.003950857823239703,
    0.00316543566390848,
    0.00333370374486054,
    0.0026712671823696365,
    0.002531784908360394,
    0.002617372812039915,
    0.0021124471888202797,
    0.002301311212202301,
    0.0020577245898088484,
    0.002625515726303381,
    0.002922077922077922,
    0.0027218290691344584,
    0.002457002457002457,
    0.0025010874293170944,
    0.0027139988058405254,
    0.0026109660574412533,
    0.0015967404470873252,
    0.0027753591641271223,
    0.0025757658793226284,
    0.002982646420824295
  ],
  "summary_stats": {
    "std": 14.734592661256933,
    "median": 46.0,
    "mean_readlength": 49.41485242234354
  },
  "dmg_3p": [
    0.014086774531111648,
    0.0087659224763731,
    0.004914463452566097,
    0.0036645697184388933,
    0.002647681807484114,
    0.002369942196531792,
    0.002471832605196597,
    0.002402745995423341,
    0.001715952639707144,
    0.002291738283488026,
    0.0015384615384615385,
    0.002041163463174009,
    0.0021077817021761423,
    0.0022252653200958575,
    0.001600091433796217,
    0.002014620387958326,
    0.001599542987717795,
    0.001561415683553088,
    0.0017715298017029544,
    0.0016886187098953055,
    0.0021061020036429873,
    0.0013352685050798258,
    0.0016053204907694072,
    0.001815911928271479,
    0.0017977528089887641
  ],
  "lendist_rv": {
    "30": 1475,
    "31": 1431,
    "32": 1516,
    "33": 1406,
    "34": 1439,
    "35": 1451,
    "36": 1427,
    "37": 1412,
    "38": 1447,
    "39": 1352,
    "40": 1317,
    "41": 1341,
    "42": 1396,
    "43": 1330,
    "44": 1323,
    "45": 1254,
    "46": 1198,
    "47": 1190,
    "48": 1125,
    "49": 1039,
    "50": 1016,
    "51": 1031,
    "52": 979,
    "53": 900,
    "54": 844,
    "55": 868,
    "56": 754,
    "57": 766,
    "58": 697,
    "59": 722,
    "60": 672,
    "61": 611,
    "62": 652,
    "63": 613,
    "64": 531,
    "65": 507,
    "66": 538,
    "67": 465,
    "68": 412,
    "69": 463,
    "70": 353,
    "71": 411,
    "72": 376,
    "73": 321,
    "74": 348,
    "75": 324,
    "76": 301,
    "77": 280,
    "78": 289,
    "79": 263,
    "80": 263,
    "81": 240,
    "82": 177,
    "83": 207,
    "84": 209,
    "85": 175,
    "86": 173,
    "87": 160,
    "88": 140,
    "89": 159,
    "90": 124,
    "91": 113
  }
}