{
  "metadata": {
    "tool_name": "DamageProfiler",
    "version": "1.1",
    "sample_name": "ToA030.ElandCommon_Human_nc.Target.rmdup.noMicro.bam"
  },
  "lendist_fw": {
    "30": 714,
    "31": 639,
    "32": 604,
    "33": 606,
    "34": 607,
    "35": 589,
    "36": 551,
    "37": 648,
    "38": 608,
    "39": 621,
    "40": 620,
    "41": 524,
    "42": 531,
    "43": 509,
    "44": 467,
    "45": 499,
    "46": 438,
    "47": 418,
    "48": 377,
    "49": 381,
    "50": 380,
    "51": 356,
    "52": 317,
    "53": 291,
    "54": 297,
    "55": 242,
    "56": 245,
    "57": 241,
    "58": 223,
    "59": 236,
    "60": 186,
    "61": 208,
    "62": 188,
    "63": 156,
    "64": 177,
    "65": 137,
    "66": 122,
    "67": 113,
    "68": 114,
    "69": 113,
    "70": 116,
    "71": 85,
    "72": 94,
    "73": 99,
    "74": 76,
    "75": 65,
    "76": 48,
    "77": 57,
    "78": 56,
    "79": 59,
    "80": 53,
    "81": 66,
    "82": 43,
    "83": 44,
    "84": 41,
    "85": 41,
    "86": 34,
    "87": 38,
    "88": 34,
    "89": 21,
    "90": 27,
    "91": 25
  },
  "dmg_5p": [
    0.07545582047685835,
    0.008539560822586266,
    0.0058030112923462985,
    0.004959422903516681,
    0.004464285714285714,
    0.002771362586605081,
    0.005094730138512976,
    0.004315352697095436,
    0.004411764705882353,
    0.004585653455617425,
    0.004287756074321105,
    0.00549618320610687,
    0.003789074834227976,
    0.005422153369481022,
    0.005019607843137255,
    0.004752098843655948,
    0.004121750158528852,
    0.003603321322262259,
    0.0033050047214353163,
    0.0026670850329463445,
    0.003474964460590744,
    0.004049238743116294,
    0.00397456279809221,
    0.0030924479166666665,
    0.003936387970398363
  ],
  "summary_stats": {
    "std": 13.393306110099596,
    "median": 43.0,
    "mean_readlength": 46.60478664304228
  },
  "dmg_3p": [
    0.009639920612418485,
    0.00593742863667504,
    0.005043373007867662,
    0.0042977143973432315,
    0.004653868528214078,
    0.003509420022164758,
    0.002904865649963689,
    0.003745318352059925,
    0.003686150605581885,
    0.003961109110550955,
    0.004134459823836059,
    0.004761065067889261,
    0.003452662184263129,
    0.0034129692832764505,
    0.004800853485064011,
    0.00413371675053918,
    0.0035112359550561797,
    0.003762766529295825,
    0.004340748779164406,
    0.0054186331061003325,
    0.0047812998052063045,
    0.0036114120621162874,
    0.003098796937659497,
    0.004062886415827592,
    0.0037533512064343165
  ],
  "lendist_rv": {
    "30": 718,
    "31": 656,
    "32": 591,
    "33": 614,
    "34": 592,
    "35": 578,
    "36": 616,
    "37": 595,
    "38": 616,
    "39": 558,
    "40": 580,
    "41": 576,
    "42": 506,
    "43": 495,
    "44": 494,
    "45": 481,
    "46": 462,
    "47": 443,
    "48": 420,
    "49": 387,
    "50": 394,
    "51": 356,
    "52": 363,
    "53": 342,
    "54": 316,
    "55": 259,
    "56": 234,
    "57": 229,
    "58": 245,
    "59": 183,
    "60": 187,
    "61": 180,
    "62": 180,
    "63": 135,
    "64": 181,
    "65": 135,
    "66": 113,
    "67": 117,
    "68": 129,
    "69": 112,
    "70": 103,
    "71": 99,
    "72": 84,
    "73": 84,
    "74": 75,
    "75": 89,
    "76": 71,
    "77": 84,
    "78": 64,
    "79": 60,
    "80": 70,
    "81": 53,
    "82": 58,
    "83": 51,
    "84": 49,
    "85": 33,
    "86": 42,
    "87": 25,
    "88": 16,
    "89": 34,
    "90": 26,
    "91": 24
  }
}