{
  "metadata": {
    "tool_name": "DamageProfiler",
    "version": "1.1",
    "sample_name": "ScA032.BuffaloCape_Human_nc.Target.rmdup.noMicro.bam"
  },
  "lendist_fw": {
    "30": 388,
    "31": 372,
    "32": 319,
    "33": 293,
    "34": 318,
    "35": 319,
    "36": 343,
    "37": 350,
    "38": 316,
    "39": 366,
    "40": 343,
    "41": 381,
    "42": 351,
    "43": 336,
    "44": 347,
    "45": 324,
    "46": 318,
    "47": 295,
    "48": 295,
    "49": 319,
    "50": 241,
    "51": 255,
    "52": 276,
    "53": 243,
    "54": 224,
    "55": 244,
    "56": 217,
    "57": 201,
    "58": 208,
    "59": 157,
    "60": 191,
    "61": 201,
    "62": 163,
    "63": 143,
    "64": 142,
    "65": 135,
    "66": 125,
    "67": 113,
    "68": 113,
    "69": 114,
    "70": 96,
    "71": 105,
    "72": 95,
    "73": 95,
    "74": 91,
    "75": 73,
    "76": 72,
    "77": 63,
    "78": 76,
    "79": 62,
    "80": 66,
    "81": 74,
    "82": 66,
    "83": 62,
    "84": 61,
    "85": 66,
    "86": 37,
    "87": 49,
    "88": 42,
    "89": 42,
    "90": 51,
    "91": 31
  },
  "dmg_5p": [
    0.09910843873108025,
    0.01123034689293736,
    0.0067753546474698285,
    0.004732200473220047,
    0.0053890924768269025,
    0.00605929452499459,
    0.004238233325897837,
    0.004511617414843221,
    0.0055666889334224,
    0.005666364460562103,
    0.0042109929078014184,
    0.0053309640159928924,
    0.006375027478566718,
    0.004870489262785035,
    0.003966505068312032,
    0.0039946737683089215,
    0.004329004329004329,
    0.005740781629498786,
    0.004454342984409799,
    0.006012454369765944,
    0.004182258419546555,
    0.00465219317678334,
    0.005076142131979695,
    0.004719101123595505,
    0.005069429138197046
  ],
  "summary_stats": {
    "std": 14.825257105525571,
    "median": 47.0,
    "mean_readlength": 50.02826306064124
  },
  "dmg_3p": [
    0.011790714812085483,
    0.010194902548725637,
    0.005655526992287918,
    0.005516549648946841,
    0.005076142131979695,
    0.00453568870852232,
    0.004341534008683068,
    0.004755111745126011,
    0.0029378531073446326,
    0.0046882325363338025,
    0.0042959427207637235,
    0.0028208744710860366,
    0.006158218853623875,
    0.003098188751191611,
    0.002751031636863824,
    0.0042990207786004295,
    0.003258087037468001,
    0.0040227165168007575,
    0.002961950330371383,
    0.002550428935775562,
    0.003521953510213665,
    0.00430416068866571,
    0.00422237860661506,
    0.004434072345390899,
    0.003227293683725219
  ],
  "lendist_rv": {
    "30": 381,
    "31": 389,
    "32": 331,
    "33": 328,
    "34": 317,
    "35": 319,
    "36": 336,
    "37": 363,
    "38": 320,
    "39": 352,
    "40": 362,
    "41": 358,
    "42": 326,
    "43": 340,
    "44": 322,
    "45": 304,
    "46": 308,
    "47": 313,
    "48": 292,
    "49": 267,
    "50": 294,
    "51": 268,
    "52": 245,
    "53": 243,
    "54": 224,
    "55": 222,
    "56": 232,
    "57": 209,
    "58": 199,
    "59": 186,
    "60": 192,
    "61": 165,
    "62": 179,
    "63": 152,
    "64": 137,
    "65": 135,
    "66": 116,
    "67": 138,
    "68": 112,
    "69": 109,
    "70": 102,
    "71": 96,
    "72": 90,
    "73": 97,
    "74": 85,
    "75": 64,
    "76": 80,
    "77": 75,
    "78": 54,
    "79": 70,
    "80": 72,
    "81": 71,
    "82": 49,
    "83": 63,
    "84": 54,
    "85": 51,
    "86": 52,
    "87": 55,
    "88": 40,
    "89": 41,
    "90": 31,
    "91": 37
  }
}