{
  "metadata": {
    "tool_name": "DamageProfiler",
    "version": "1.1",
    "sample_name": "ToA006.ElandCommon_Human_nc.Target.rmdup.noMicro.bam"
  },
  "lendist_fw": {
    "32": 83,
    "33": 27,
    "34": 11,
    "35": 8,
    "36": 2,
    "37": 2,
    "38": 2,
    "39": 1,
    "42": 1,
    "43": 3,
    "51": 1,
    "30": 399,
    "31": 155
  },
  "dmg_5p": [
    0.031914893617021274,
    0.020942408376963352,
    0.04519774011299435,
    0.019138755980861243,
    0.021621621621621623,
    0.0,
    0.0111731843575419,
    0.046632124352331605,
    0.010256410256410256,
    0.043243243243243246,
    0.012422360248447204,
    0.041884816753926704,
    0.005649717514124294,
    0.028409090909090908,
    0.012195121951219513,
    0.031578947368421054,
    0.016483516483516484,
    0.02631578947368421,
    0.02976190476190476,
    0.04864864864864865,
    0.04878048780487805,
    0.020942408376963352,
    0.03164556962025317,
    0.031746031746031744,
    0.043209876543209874
  ],
  "summary_stats": {
    "std": 1.9224806444492841,
    "median": 30.0,
    "mean_readlength": 30.940225035161745
  },
  "dmg_3p": [
    0.024096385542168676,
    0.05188679245283019,
    0.05504587155963303,
    0.04040404040404041,
    0.022727272727272728,
    0.03977272727272727,
    0.036458333333333336,
    0.020100502512562814,
    0.022857142857142857,
    0.018072289156626505,
    0.03571428571428571,
    0.022727272727272728,
    0.0374331550802139,
    0.03636363636363636,
    0.04678362573099415,
    0.041916167664670656,
    0.026737967914438502,
    0.0223463687150838,
    0.031088082901554404,
    0.021739130434782608,
    0.005847953216374269,
    0.03208556149732621,
    0.0111731843575419,
    0.0,
    0.027777777777777776
  ],
  "lendist_rv": {
    "32": 64,
    "33": 23,
    "34": 17,
    "35": 7,
    "36": 5,
    "37": 1,
    "38": 1,
    "42": 1,
    "44": 2,
    "45": 1,
    "30": 420,
    "31": 160
  }
}