{
  "metadata": {
    "tool_name": "DamageProfiler",
    "version": "1.1",
    "sample_name": "ToA037.ElandCommon_Human_nc.Target.rmdup.noMicro.bam"
  },
  "lendist_fw": {
    "32": 13,
    "33": 5,
    "35": 4,
    "36": 3,
    "37": 1,
    "38": 2,
    "39": 2,
    "71": 1,
    "40": 1,
    "41": 1,
    "73": 1,
    "43": 1,
    "75": 1,
    "45": 1,
    "77": 1,
    "53": 1,
    "58": 1,
    "60": 2,
    "30": 92,
    "31": 39,
    "63": 1
  },
  "dmg_5p": [
    0.0,
    0.012658227848101266,
    0.012195121951219513,
    0.0,
    0.02666666666666667,
    0.014705882352941176,
    0.0625,
    0.024390243902439025,
    0.045454545454545456,
    0.028169014084507043,
    0.016666666666666666,
    0.0,
    0.0,
    0.0273972602739726,
    0.0,
    0.0,
    0.02564102564102564,
    0.028169014084507043,
    0.015384615384615385,
    0.017241379310344827,
    0.03076923076923077,
    0.030303030303030304,
    0.013888888888888888,
    0.0,
    0.015873015873015872
  ],
  "summary_stats": {
    "std": 9.906400749383582,
    "median": 30.0,
    "mean_readlength": 34.32152588555859
  },
  "dmg_3p": [
    0.06521739130434782,
    0.027777777777777776,
    0.0,
    0.028169014084507043,
    0.0,
    0.06060606060606061,
    0.02,
    0.034482758620689655,
    0.05555555555555555,
    0.039473684210526314,
    0.02702702702702703,
    0.015625,
    0.02564102564102564,
    0.0,
    0.015151515151515152,
    0.0,
    0.0,
    0.0,
    0.028169014084507043,
    0.013888888888888888,
    0.02666666666666667,
    0.025,
    0.03333333333333333,
    0.01282051282051282,
    0.016666666666666666
  ],
  "lendist_rv": {
    "32": 13,
    "33": 4,
    "34": 5,
    "38": 1,
    "41": 1,
    "73": 1,
    "42": 3,
    "43": 1,
    "46": 2,
    "48": 1,
    "81": 1,
    "50": 1,
    "61": 2,
    "30": 90,
    "62": 1,
    "31": 29
  }
}