{
  "metadata": {
    "tool_name": "DamageProfiler",
    "version": "1.1",
    "sample_name": "ScA048.BuffaloCape_Human_nc.Target.rmdup.noMicro.bam"
  },
  "lendist_fw": {
    "30": 126,
    "31": 71,
    "32": 46,
    "33": 48,
    "34": 35,
    "35": 45,
    "36": 31,
    "37": 30,
    "38": 25,
    "39": 31,
    "40": 31,
    "41": 28,
    "42": 35,
    "43": 32,
    "44": 31,
    "45": 20,
    "46": 24,
    "47": 30,
    "48": 32,
    "49": 42,
    "50": 35,
    "51": 27,
    "52": 23,
    "53": 22,
    "54": 23,
    "55": 20,
    "56": 20,
    "57": 24,
    "58": 21,
    "59": 17,
    "60": 18,
    "61": 15,
    "62": 13,
    "63": 15,
    "64": 12,
    "65": 12,
    "66": 11,
    "67": 7,
    "68": 6,
    "69": 9,
    "70": 10,
    "71": 9,
    "72": 4,
    "73": 7,
    "74": 17,
    "75": 3,
    "76": 5,
    "77": 3,
    "78": 5,
    "79": 4,
    "80": 6,
    "81": 5,
    "82": 4,
    "83": 2,
    "84": 3,
    "85": 2,
    "86": 2,
    "87": 3,
    "88": 2,
    "89": 2,
    "90": 3,
    "91": 1
  },
  "dmg_5p": [
    0.11578947368421053,
    0.016867469879518072,
    0.00404040404040404,
    0.003816793893129771,
    0.00796812749003984,
    0.001996007984031936,
    0.0038022813688212928,
    0.008264462809917356,
    0.0041928721174004195,
    0.00408997955010225,
    0.0,
    0.009596928982725527,
    0.003952569169960474,
    0.00946969696969697,
    0.00404040404040404,
    0.005802707930367505,
    0.003861003861003861,
    0.005813953488372093,
    0.006437768240343348,
    0.004073319755600814,
    0.013358778625954198,
    0.00808080808080808,
    0.006289308176100629,
    0.006,
    0.0018832391713747645
  ],
  "summary_stats": {
    "std": 14.45292824149915,
    "median": 44.0,
    "mean_readlength": 46.854657484595876
  },
  "dmg_3p": [
    0.019083969465648856,
    0.01832460732984293,
    0.008988764044943821,
    0.008639308855291577,
    0.0021598272138228943,
    0.01762114537444934,
    0.00625,
    0.0020408163265306124,
    0.003992015968063872,
    0.007707129094412331,
    0.010121457489878543,
    0.0038314176245210726,
    0.00423728813559322,
    0.004048582995951417,
    0.0,
    0.0,
    0.004210526315789474,
    0.0041841004184100415,
    0.0,
    0.008403361344537815,
    0.006342494714587738,
    0.010309278350515464,
    0.010183299389002037,
    0.012658227848101266,
    0.006276150627615063
  ],
  "lendist_rv": {
    "30": 125,
    "31": 69,
    "32": 63,
    "33": 38,
    "34": 45,
    "35": 39,
    "36": 43,
    "37": 55,
    "38": 40,
    "39": 43,
    "40": 38,
    "41": 40,
    "42": 26,
    "43": 44,
    "44": 38,
    "45": 37,
    "46": 40,
    "47": 29,
    "48": 31,
    "49": 32,
    "50": 30,
    "51": 29,
    "52": 35,
    "53": 27,
    "54": 25,
    "55": 27,
    "56": 17,
    "57": 17,
    "58": 16,
    "59": 23,
    "60": 11,
    "61": 15,
    "62": 13,
    "63": 15,
    "64": 8,
    "65": 13,
    "66": 12,
    "67": 10,
    "68": 10,
    "69": 10,
    "70": 7,
    "71": 9,
    "72": 4,
    "73": 13,
    "74": 5,
    "75": 6,
    "76": 15,
    "77": 9,
    "78": 7,
    "79": 4,
    "80": 1,
    "81": 7,
    "82": 4,
    "83": 2,
    "84": 2,
    "85": 5,
    "86": 3,
    "87": 1,
    "88": 3,
    "89": 4,
    "91": 2
  }
}