{
  "metadata": {
    "tool_name": "DamageProfiler",
    "version": "1.1",
    "sample_name": "ToA007.ElandCommon_Human_nc.Target.rmdup.noMicro.bam"
  },
  "lendist_fw": {
    "32": 11,
    "64": 1,
    "33": 9,
    "34": 3,
    "35": 3,
    "67": 1,
    "36": 1,
    "38": 1,
    "43": 1,
    "30": 60,
    "31": 38
  },
  "dmg_5p": [
    0.0,
    0.05405405405405406,
    0.0,
    0.02127659574468085,
    0.05714285714285714,
    0.0,
    0.0,
    0.0,
    0.06521739130434782,
    0.0196078431372549,
    0.047619047619047616,
    0.024390243902439025,
    0.0,
    0.044444444444444446,
    0.043478260869565216,
    0.024390243902439025,
    0.04878048780487805,
    0.0,
    0.0,
    0.0,
    0.022727272727272728,
    0.020833333333333332,
    0.0,
    0.046511627906976744,
    0.030303030303030304
  ],
  "summary_stats": {
    "std": 4.722254939993857,
    "median": 31.0,
    "mean_readlength": 31.787644787644794
  },
  "dmg_3p": [
    0.045454545454545456,
    0.0,
    0.0,
    0.02,
    0.02040816326530612,
    0.0,
    0.02857142857142857,
    0.0,
    0.0,
    0.02857142857142857,
    0.0,
    0.0,
    0.022222222222222223,
    0.05,
    0.0,
    0.02564102564102564,
    0.0,
    0.0,
    0.08333333333333333,
    0.030303030303030304,
    0.0,
    0.0,
    0.07142857142857142,
    0.02702702702702703,
    0.025
  ],
  "lendist_rv": {
    "32": 8,
    "33": 7,
    "34": 4,
    "35": 1,
    "37": 1,
    "42": 1,
    "30": 62,
    "31": 27
  }
}