{
  "metadata": {
    "tool_name": "DamageProfiler",
    "version": "1.1",
    "sample_name": "RmA059.GrysbokCape_Human_nc.Target.rmdup.noMicro.bam"
  },
  "lendist_fw": {
    "64": 1,
    "65": 1,
    "67": 2,
    "69": 1,
    "70": 1,
    "72": 1,
    "75": 1,
    "78": 1,
    "82": 1,
    "84": 4,
    "85": 1,
    "88": 1,
    "30": 144,
    "31": 81,
    "32": 56,
    "33": 37,
    "34": 42,
    "35": 32,
    "36": 35,
    "37": 35,
    "38": 27,
    "39": 19,
    "40": 16,
    "41": 18,
    "42": 27,
    "43": 9,
    "44": 14,
    "45": 10,
    "46": 12,
    "47": 8,
    "48": 8,
    "49": 11,
    "50": 5,
    "51": 7,
    "52": 3,
    "53": 3,
    "54": 4,
    "55": 1,
    "56": 2,
    "57": 2,
    "58": 2,
    "59": 3,
    "60": 2,
    "62": 1
  },
  "dmg_5p": [
    0.0498220640569395,
    0.012145748987854251,
    0.019762845849802372,
    0.0,
    0.007575757575757576,
    0.012396694214876033,
    0.0038910505836575876,
    0.011363636363636364,
    0.011627906976744186,
    0.007547169811320755,
    0.00904977375565611,
    0.01171875,
    0.0,
    0.0,
    0.011235955056179775,
    0.00796812749003984,
    0.011904761904761904,
    0.0,
    0.007936507936507936,
    0.021367521367521368,
    0.008298755186721992,
    0.015873015873015872,
    0.008032128514056224,
    0.012,
    0.004032258064516129
  ],
  "summary_stats": {
    "std": 10.363981170984207,
    "median": 34.0,
    "mean_readlength": 38.11165387299374
  },
  "dmg_3p": [
    0.028409090909090908,
    0.01507537688442211,
    0.014778325123152709,
    0.004807692307692308,
    0.0051813471502590676,
    0.003952569169960474,
    0.0,
    0.00749063670411985,
    0.008888888888888889,
    0.004672897196261682,
    0.0038461538461538464,
    0.01646090534979424,
    0.009302325581395349,
    0.0,
    0.01680672268907563,
    0.00398406374501992,
    0.008733624454148471,
    0.004310344827586207,
    0.012145748987854251,
    0.007936507936507936,
    0.0,
    0.0,
    0.004273504273504274,
    0.007722007722007722,
    0.0041841004184100415
  ],
  "lendist_rv": {
    "64": 1,
    "65": 2,
    "67": 1,
    "68": 1,
    "69": 2,
    "70": 1,
    "78": 1,
    "79": 1,
    "83": 1,
    "88": 1,
    "89": 1,
    "30": 149,
    "31": 68,
    "32": 52,
    "33": 38,
    "34": 42,
    "35": 33,
    "36": 25,
    "37": 33,
    "38": 21,
    "39": 21,
    "40": 14,
    "41": 17,
    "42": 14,
    "43": 16,
    "44": 10,
    "45": 7,
    "46": 9,
    "47": 7,
    "48": 6,
    "49": 4,
    "50": 7,
    "51": 7,
    "52": 2,
    "53": 3,
    "54": 3,
    "55": 7,
    "56": 2,
    "57": 4,
    "58": 5,
    "59": 5,
    "60": 4,
    "61": 3,
    "63": 2
  }
}