{
  "metadata": {
    "tool_name": "DamageProfiler",
    "version": "1.1",
    "sample_name": "ScA029.BuffaloCape_Human_nc.Target.rmdup.noMicro.bam"
  },
  "lendist_fw": {
    "30": 8380,
    "31": 8828,
    "32": 9203,
    "33": 9286,
    "34": 9531,
    "35": 9851,
    "36": 9834,
    "37": 9922,
    "38": 10186,
    "39": 10160,
    "40": 10353,
    "41": 10276,
    "42": 10273,
    "43": 9857,
    "44": 9728,
    "45": 9392,
    "46": 9408,
    "47": 9315,
    "48": 9131,
    "49": 8907,
    "50": 8815,
    "51": 8495,
    "52": 8423,
    "53": 7955,
    "54": 7623,
    "55": 7479,
    "56": 7085,
    "57": 7016,
    "58": 6779,
    "59": 6639,
    "60": 6308,
    "61": 6085,
    "62": 5976,
    "63": 5818,
    "64": 5532,
    "65": 5226,
    "66": 5109,
    "67": 5030,
    "68": 4779,
    "69": 4558,
    "70": 4420,
    "71": 4282,
    "72": 4252,
    "73": 4004,
    "74": 3797,
    "75": 3632,
    "76": 3367,
    "77": 3359,
    "78": 3182,
    "79": 3235,
    "80": 3033,
    "81": 2923,
    "82": 2717,
    "83": 2634,
    "84": 2589,
    "85": 2359,
    "86": 2349,
    "87": 2219,
    "88": 2170,
    "89": 2135,
    "90": 2050,
    "91": 1858
  },
  "dmg_5p": [
    0.04760755062233546,
    0.011920605618283031,
    0.007309054929622419,
    0.005721111936202499,
    0.005126377187297472,
    0.005013949314240007,
    0.004476888230566386,
    0.004605936540429887,
    0.004340672570159716,
    0.004662142612904074,
    0.004321076163040787,
    0.0038572120820545954,
    0.004089780733308704,
    0.004237011928818199,
    0.003938898406271089,
    0.004349799040580838,
    0.004351201309926871,
    0.00427617042293795,
    0.004210305411095007,
    0.004660578406420663,
    0.004179918218991368,
    0.004365247418314493,
    0.004347882940607265,
    0.0044237089892119,
    0.004336237160317254
  ],
  "summary_stats": {
    "std": 15.693537039464484,
    "median": 50.0,
    "mean_readlength": 52.58518728826007
  },
  "dmg_3p": [
    0.009991424525856052,
    0.007952741871143514,
    0.005775980805971475,
    0.0051671170004071515,
    0.004207441367853697,
    0.0044559214635070555,
    0.0036869680924791395,
    0.003397423164124307,
    0.003905531131786116,
    0.003665850504828193,
    0.003463614829504765,
    0.0036456807201411933,
    0.0035445035964250357,
    0.0037097259038613942,
    0.003299245691130368,
    0.0033167382909603557,
    0.003474061487448663,
    0.003392769373600568,
    0.003424727764903718,
    0.00351763942488303,
    0.0035686099577943247,
    0.0035408189173054094,
    0.003687735195936637,
    0.0035925210244128133,
    0.0037607790865319224
  ],
  "lendist_rv": {
    "30": 8587,
    "31": 9082,
    "32": 8909,
    "33": 9328,
    "34": 9524,
    "35": 9487,
    "36": 9749,
    "37": 10054,
    "38": 10351,
    "39": 10360,
    "40": 10229,
    "41": 10248,
    "42": 10113,
    "43": 10061,
    "44": 9767,
    "45": 9548,
    "46": 9596,
    "47": 9282,
    "48": 9083,
    "49": 8919,
    "50": 8971,
    "51": 8687,
    "52": 8271,
    "53": 7936,
    "54": 7581,
    "55": 7414,
    "56": 7169,
    "57": 7020,
    "58": 6751,
    "59": 6556,
    "60": 6341,
    "61": 6092,
    "62": 5931,
    "63": 5689,
    "64": 5677,
    "65": 5241,
    "66": 5050,
    "67": 4962,
    "68": 4905,
    "69": 4582,
    "70": 4414,
    "71": 4229,
    "72": 3989,
    "73": 3982,
    "74": 3757,
    "75": 3619,
    "76": 3385,
    "77": 3382,
    "78": 3349,
    "79": 3151,
    "80": 2970,
    "81": 2901,
    "82": 2815,
    "83": 2650,
    "84": 2530,
    "85": 2488,
    "86": 2364,
    "87": 2118,
    "88": 2123,
    "89": 2081,
    "90": 1976,
    "91": 1809
  }
}