{
  "metadata": {
    "tool_name": "DamageProfiler",
    "version": "1.1",
    "sample_name": "RmA056.GrysbokCape_Human_nc.Target.rmdup.noMicro.bam"
  },
  "lendist_fw": {
    "30": 218,
    "31": 167,
    "32": 120,
    "33": 132,
    "34": 120,
    "35": 121,
    "36": 93,
    "37": 95,
    "38": 102,
    "39": 125,
    "40": 91,
    "41": 84,
    "42": 82,
    "43": 76,
    "44": 77,
    "45": 70,
    "46": 68,
    "47": 65,
    "48": 67,
    "49": 72,
    "50": 51,
    "51": 46,
    "52": 41,
    "53": 49,
    "54": 46,
    "55": 46,
    "56": 35,
    "57": 39,
    "58": 31,
    "59": 20,
    "60": 30,
    "61": 18,
    "62": 32,
    "63": 30,
    "64": 24,
    "65": 14,
    "66": 16,
    "67": 21,
    "68": 16,
    "69": 24,
    "70": 16,
    "71": 13,
    "72": 12,
    "73": 15,
    "74": 20,
    "75": 8,
    "76": 9,
    "77": 8,
    "78": 9,
    "79": 8,
    "80": 8,
    "81": 6,
    "82": 6,
    "83": 3,
    "84": 7,
    "85": 3,
    "86": 4,
    "87": 7,
    "88": 3,
    "89": 4,
    "90": 2,
    "91": 5
  },
  "dmg_5p": [
    0.10119595216191353,
    0.018338727076591153,
    0.007259528130671506,
    0.0037735849056603774,
    0.0036429872495446266,
    0.0026642984014209592,
    0.00558659217877095,
    0.00691699604743083,
    0.0038131553860819827,
    0.0019029495718363464,
    0.007469654528478058,
    0.004690431519699813,
    0.002909796314258002,
    0.0036596523330283625,
    0.00554016620498615,
    0.0034873583260680036,
    0.005449591280653951,
    0.004604051565377533,
    0.0018501387604070306,
    0.005494505494505495,
    9.746588693957114E-4,
    0.0037735849056603774,
    0.005519779208831647,
    0.005791505791505791,
    0.0027752081406105457
  ],
  "summary_stats": {
    "std": 13.14647456571151,
    "median": 41.0,
    "mean_readlength": 44.684327086882085
  },
  "dmg_3p": [
    0.018518518518518517,
    0.008526187576126675,
    0.008359456635318705,
    0.002176278563656148,
    0.003236245954692557,
    0.003003003003003003,
    0.005504587155963303,
    0.0037313432835820895,
    0.0037105751391465678,
    0.003875968992248062,
    0.0028089887640449437,
    0.0019342359767891683,
    0.005870841487279843,
    0.003766478342749529,
    0.004393673110720563,
    9.643201542912247E-4,
    0.0038204393505253103,
    0.003003003003003003,
    9.115770282588879E-4,
    0.006616257088846881,
    0.0037243947858473,
    0.0019267822736030828,
    0.0058309037900874635,
    0.0019120458891013384,
    9.66183574879227E-4
  ],
  "lendist_rv": {
    "30": 241,
    "31": 165,
    "32": 133,
    "33": 97,
    "34": 109,
    "35": 119,
    "36": 118,
    "37": 98,
    "38": 107,
    "39": 102,
    "40": 92,
    "41": 100,
    "42": 92,
    "43": 89,
    "44": 91,
    "45": 79,
    "46": 71,
    "47": 66,
    "48": 60,
    "49": 71,
    "50": 57,
    "51": 62,
    "52": 47,
    "53": 49,
    "54": 46,
    "55": 38,
    "56": 40,
    "57": 32,
    "58": 38,
    "59": 33,
    "60": 26,
    "61": 29,
    "62": 28,
    "63": 19,
    "64": 19,
    "65": 25,
    "66": 16,
    "67": 13,
    "68": 18,
    "69": 13,
    "70": 15,
    "71": 9,
    "72": 11,
    "73": 12,
    "74": 14,
    "75": 5,
    "76": 9,
    "77": 4,
    "78": 4,
    "79": 11,
    "80": 5,
    "81": 8,
    "82": 8,
    "83": 4,
    "84": 7,
    "85": 2,
    "86": 3,
    "87": 5,
    "88": 5,
    "89": 5,
    "90": 3
  }
}