{
  "metadata": {
    "tool_name": "DamageProfiler",
    "version": "1.1",
    "sample_name": "PaA018.BuffaloCape_Human_nc.Target.rmdup.noMicro.bam"
  },
  "lendist_fw": {
    "30": 786,
    "31": 597,
    "32": 497,
    "33": 502,
    "34": 478,
    "35": 460,
    "36": 479,
    "37": 455,
    "38": 477,
    "39": 426,
    "40": 430,
    "41": 421,
    "42": 344,
    "43": 387,
    "44": 366,
    "45": 328,
    "46": 323,
    "47": 295,
    "48": 301,
    "49": 278,
    "50": 231,
    "51": 220,
    "52": 189,
    "53": 197,
    "54": 182,
    "55": 154,
    "56": 142,
    "57": 128,
    "58": 120,
    "59": 118,
    "60": 107,
    "61": 92,
    "62": 93,
    "63": 94,
    "64": 80,
    "65": 68,
    "66": 62,
    "67": 54,
    "68": 44,
    "69": 39,
    "70": 55,
    "71": 37,
    "72": 28,
    "73": 27,
    "74": 19,
    "75": 25,
    "76": 28,
    "77": 22,
    "78": 23,
    "79": 8,
    "80": 12,
    "81": 10,
    "82": 17,
    "83": 18,
    "84": 11,
    "85": 14,
    "86": 11,
    "87": 8,
    "88": 11,
    "89": 13,
    "90": 8,
    "91": 5
  },
  "dmg_5p": [
    0.2081943782753692,
    0.02244039270687237,
    0.01343892488600912,
    0.008458192363460609,
    0.008932882665379043,
    0.00831551437396056,
    0.009859502095144195,
    0.008438818565400843,
    0.008977556109725686,
    0.006557377049180328,
    0.009579955784819455,
    0.006399212404627123,
    0.006598240469208211,
    0.010492923377257199,
    0.007216742843396681,
    0.007920792079207921,
    0.006684822975984155,
    0.006614404703576678,
    0.009134737376300432,
    0.008487269096355467,
    0.007167572911517549,
    0.008979795460214518,
    0.008476689104961356,
    0.007462686567164179,
    0.0077306733167082295
  ],
  "summary_stats": {
    "std": 11.690598432358792,
    "median": 41.0,
    "mean_readlength": 43.595035980524166
  },
  "dmg_3p": [
    0.022150624244865084,
    0.01332001332001332,
    0.01475177304964539,
    0.011190817790530846,
    0.010114816839803172,
    0.010549093859886394,
    0.008930916732335172,
    0.007060669456066946,
    0.005074854097944684,
    0.0080040020010005,
    0.005580923389142567,
    0.008796895213454075,
    0.008148714031066972,
    0.011658031088082901,
    0.007686395080707148,
    0.006599788806758183,
    0.009426751592356689,
    0.00714103545014027,
    0.007806597834298665,
    0.007896077432501274,
    0.007790184367696702,
    0.0071015255128879535,
    0.0071246819338422395,
    0.006287726358148894,
    0.009818731117824773
  ],
  "lendist_rv": {
    "30": 777,
    "31": 610,
    "32": 546,
    "33": 449,
    "34": 522,
    "35": 498,
    "36": 452,
    "37": 490,
    "38": 455,
    "39": 471,
    "40": 418,
    "41": 431,
    "42": 432,
    "43": 375,
    "44": 347,
    "45": 328,
    "46": 320,
    "47": 278,
    "48": 271,
    "49": 244,
    "50": 235,
    "51": 195,
    "52": 194,
    "53": 193,
    "54": 168,
    "55": 180,
    "56": 139,
    "57": 147,
    "58": 132,
    "59": 113,
    "60": 104,
    "61": 104,
    "62": 103,
    "63": 81,
    "64": 63,
    "65": 93,
    "66": 51,
    "67": 63,
    "68": 56,
    "69": 56,
    "70": 42,
    "71": 41,
    "72": 29,
    "73": 35,
    "74": 30,
    "75": 29,
    "76": 32,
    "77": 28,
    "78": 22,
    "79": 21,
    "80": 17,
    "81": 15,
    "82": 12,
    "83": 14,
    "84": 20,
    "85": 11,
    "86": 11,
    "87": 9,
    "88": 4,
    "89": 7,
    "90": 7,
    "91": 9
  }
}