{
  "metadata": {
    "tool_name": "DamageProfiler",
    "version": "1.1",
    "sample_name": "RmA051.GrysbokCape_Human_nc.Target.rmdup.noMicro.bam"
  },
  "lendist_fw": {
    "30": 340,
    "31": 151,
    "32": 79,
    "33": 54,
    "34": 32,
    "35": 39,
    "36": 28,
    "37": 29,
    "38": 36,
    "39": 35,
    "40": 27,
    "41": 34,
    "42": 33,
    "43": 13,
    "44": 27,
    "45": 27,
    "46": 19,
    "47": 19,
    "48": 24,
    "49": 11,
    "50": 12,
    "51": 14,
    "52": 15,
    "53": 14,
    "54": 14,
    "55": 13,
    "56": 11,
    "57": 6,
    "58": 13,
    "59": 3,
    "60": 10,
    "61": 6,
    "62": 2,
    "63": 4,
    "64": 2,
    "65": 9,
    "66": 4,
    "67": 2,
    "68": 3,
    "69": 4,
    "70": 3,
    "71": 8,
    "72": 4,
    "73": 4,
    "74": 2,
    "75": 2,
    "76": 3,
    "77": 1,
    "78": 2,
    "80": 2,
    "83": 1,
    "84": 1,
    "88": 2
  },
  "dmg_5p": [
    0.049528301886792456,
    0.030136986301369864,
    0.010845986984815618,
    0.01098901098901099,
    0.025404157043879907,
    0.008771929824561403,
    0.004739336492890996,
    0.007228915662650603,
    0.00683371298405467,
    0.006521739130434782,
    0.004454342984409799,
    0.006423982869379015,
    0.013043478260869565,
    0.0091324200913242,
    0.011547344110854504,
    0.011286681715575621,
    0.009195402298850575,
    0.004016064257028112,
    0.004576659038901602,
    0.011337868480725623,
    0.010615711252653927,
    0.00954653937947494,
    0.009925558312655087,
    0.006741573033707865,
    0.009280742459396751
  ],
  "summary_stats": {
    "std": 11.990093687851378,
    "median": 35.0,
    "mean_readlength": 39.6770753998475
  },
  "dmg_3p": [
    0.029411764705882353,
    0.025089605734767026,
    0.016713091922005572,
    0.005305039787798408,
    0.014164305949008499,
    0.012315270935960592,
    0.0049504950495049506,
    0.0069767441860465115,
    0.01932367149758454,
    0.01152073732718894,
    0.007334963325183374,
    0.007228915662650603,
    0.017114914425427872,
    0.01694915254237288,
    0.009478672985781991,
    0.01837270341207349,
    0.0106951871657754,
    0.007075471698113208,
    0.010050251256281407,
    0.015267175572519083,
    0.0024154589371980675,
    0.00516795865633075,
    0.01856763925729443,
    0.004830917874396135,
    0.00954653937947494
  ],
  "lendist_rv": {
    "30": 336,
    "31": 137,
    "32": 73,
    "33": 58,
    "34": 39,
    "35": 31,
    "36": 45,
    "37": 29,
    "38": 30,
    "39": 27,
    "40": 25,
    "41": 24,
    "42": 33,
    "43": 35,
    "44": 23,
    "45": 33,
    "46": 22,
    "47": 19,
    "48": 20,
    "49": 16,
    "50": 17,
    "51": 16,
    "52": 16,
    "53": 7,
    "54": 11,
    "55": 13,
    "56": 11,
    "57": 6,
    "58": 10,
    "59": 7,
    "60": 5,
    "61": 11,
    "62": 5,
    "63": 11,
    "64": 2,
    "65": 4,
    "66": 8,
    "67": 6,
    "68": 3,
    "69": 7,
    "70": 2,
    "71": 6,
    "72": 4,
    "73": 4,
    "74": 1,
    "75": 2,
    "77": 2,
    "78": 2,
    "79": 3,
    "81": 4,
    "82": 1,
    "83": 1,
    "84": 4
  }
}