{
  "metadata": {
    "tool_name": "DamageProfiler",
    "version": "1.1",
    "sample_name": "RmA040.GrysbokCape_Human_nc.Target.rmdup.noMicro.bam"
  },
  "lendist_fw": {
    "30": 245,
    "31": 138,
    "32": 81,
    "33": 72,
    "34": 62,
    "35": 63,
    "36": 67,
    "37": 65,
    "38": 52,
    "39": 68,
    "40": 63,
    "41": 47,
    "42": 56,
    "43": 50,
    "44": 42,
    "45": 53,
    "46": 46,
    "47": 37,
    "48": 50,
    "49": 36,
    "50": 53,
    "51": 40,
    "52": 22,
    "53": 19,
    "54": 28,
    "55": 27,
    "56": 22,
    "57": 25,
    "58": 31,
    "59": 30,
    "60": 28,
    "61": 26,
    "62": 17,
    "63": 21,
    "64": 18,
    "65": 22,
    "66": 18,
    "67": 11,
    "68": 15,
    "69": 18,
    "70": 11,
    "71": 10,
    "72": 12,
    "73": 7,
    "74": 12,
    "75": 13,
    "76": 9,
    "77": 7,
    "78": 4,
    "79": 10,
    "80": 6,
    "81": 6,
    "82": 9,
    "83": 7,
    "84": 6,
    "85": 9,
    "86": 5,
    "87": 3,
    "88": 4,
    "89": 3,
    "90": 1,
    "91": 1
  },
  "dmg_5p": [
    0.03204272363150868,
    0.028189910979228485,
    0.013140604467805518,
    0.01227830832196453,
    0.009873060648801129,
    0.0053404539385847796,
    0.003931847968545216,
    0.009817671809256662,
    0.007905138339920948,
    0.0014064697609001407,
    0.005479452054794521,
    0.002564102564102564,
    0.006711409395973154,
    0.005201560468140442,
    0.006640106241699867,
    0.002844950213371266,
    0.003942181340341655,
    0.0025477707006369425,
    0.006702412868632708,
    0.007772020725388601,
    0.005188067444876783,
    0.0,
    0.005442176870748299,
    0.004103967168262654,
    0.0025673940949935813
  ],
  "summary_stats": {
    "std": 14.935260573060027,
    "median": 42.0,
    "mean_readlength": 46.16662760721868
  },
  "dmg_3p": [
    0.026607538802660754,
    0.019193857965451054,
    0.01192504258943782,
    0.0061068702290076335,
    0.0046439628482972135,
    0.0015015015015015015,
    0.0014925373134328358,
    0.006915629322268326,
    0.006711409395973154,
    0.00819672131147541,
    0.002770083102493075,
    0.0,
    0.0013440860215053765,
    0.002785515320334262,
    0.0044444444444444444,
    0.0013123359580052493,
    0.004010695187165776,
    0.002560819462227913,
    0.004189944134078212,
    0.0014104372355430183,
    0.005249343832020997,
    0.007874015748031496,
    0.005479452054794521,
    0.004054054054054054,
    0.0025575447570332483
  ],
  "lendist_rv": {
    "30": 232,
    "31": 133,
    "32": 108,
    "33": 71,
    "34": 58,
    "35": 60,
    "36": 59,
    "37": 51,
    "38": 52,
    "39": 48,
    "40": 58,
    "41": 43,
    "42": 60,
    "43": 60,
    "44": 58,
    "45": 47,
    "46": 49,
    "47": 46,
    "48": 32,
    "49": 40,
    "50": 43,
    "51": 46,
    "52": 39,
    "53": 50,
    "54": 31,
    "55": 32,
    "56": 34,
    "57": 22,
    "58": 31,
    "59": 25,
    "60": 18,
    "61": 19,
    "62": 22,
    "63": 23,
    "64": 26,
    "65": 20,
    "66": 14,
    "67": 14,
    "68": 13,
    "69": 13,
    "70": 12,
    "71": 8,
    "72": 12,
    "73": 11,
    "74": 14,
    "75": 11,
    "76": 17,
    "77": 10,
    "78": 15,
    "79": 5,
    "80": 11,
    "81": 13,
    "82": 8,
    "83": 9,
    "84": 3,
    "85": 4,
    "86": 12,
    "87": 6,
    "88": 7,
    "89": 6,
    "90": 5,
    "91": 5
  }
}