{
  "metadata": {
    "tool_name": "DamageProfiler",
    "version": "1.1",
    "sample_name": "PcA023.ReedbuckBh_Human_nc.Target.rmdup.noMicro.bam"
  },
  "lendist_fw": {
    "30": 217,
    "31": 110,
    "32": 38,
    "33": 25,
    "34": 15,
    "35": 14,
    "36": 26,
    "37": 23,
    "38": 20,
    "39": 23,
    "40": 24,
    "41": 18,
    "42": 24,
    "43": 16,
    "44": 15,
    "45": 10,
    "46": 22,
    "47": 13,
    "48": 24,
    "49": 15,
    "50": 16,
    "51": 13,
    "52": 17,
    "53": 13,
    "54": 13,
    "55": 15,
    "56": 8,
    "57": 14,
    "58": 17,
    "59": 18,
    "60": 7,
    "61": 10,
    "62": 6,
    "63": 6,
    "64": 8,
    "65": 2,
    "66": 5,
    "67": 16,
    "68": 7,
    "69": 9,
    "70": 9,
    "71": 7,
    "72": 8,
    "73": 5,
    "74": 4,
    "75": 6,
    "76": 9,
    "77": 8,
    "79": 5,
    "80": 3,
    "81": 5,
    "82": 4,
    "83": 6,
    "84": 5,
    "85": 6,
    "86": 3,
    "87": 2,
    "88": 2,
    "89": 4,
    "90": 2,
    "91": 3
  },
  "dmg_5p": [
    0.04176334106728538,
    0.02932551319648094,
    0.014778325123152709,
    0.024691358024691357,
    0.02459016393442623,
    0.02849740932642487,
    0.031331592689295036,
    0.01912568306010929,
    0.021052631578947368,
    0.021447721179624665,
    0.015748031496062992,
    0.03970223325062035,
    0.008130081300813009,
    0.01643835616438356,
    0.0026595744680851063,
    0.008130081300813009,
    0.02284263959390863,
    0.023872679045092837,
    0.02313624678663239,
    0.027777777777777776,
    0.02881844380403458,
    0.022284122562674095,
    0.03324808184143223,
    0.025510204081632654,
    0.013157894736842105
  ],
  "summary_stats": {
    "std": 15.732134220876153,
    "median": 40.0,
    "mean_readlength": 44.572162540868796
  },
  "dmg_3p": [
    0.07792207792207792,
    0.05426356589147287,
    0.039285714285714285,
    0.016286644951140065,
    0.027303754266211604,
    0.028985507246376812,
    0.030726256983240222,
    0.02694610778443114,
    0.029649595687331536,
    0.017699115044247787,
    0.018072289156626505,
    0.019178082191780823,
    0.03823529411764706,
    0.02997275204359673,
    0.030303030303030304,
    0.013888888888888888,
    0.008571428571428572,
    0.03021978021978022,
    0.023809523809523808,
    0.013262599469496022,
    0.02318840579710145,
    0.01977401129943503,
    0.022988505747126436,
    0.02857142857142857,
    0.023746701846965697
  ],
  "lendist_rv": {
    "30": 222,
    "31": 103,
    "32": 49,
    "33": 32,
    "34": 23,
    "35": 23,
    "36": 26,
    "37": 30,
    "38": 13,
    "39": 18,
    "40": 21,
    "41": 32,
    "42": 26,
    "43": 20,
    "44": 15,
    "45": 17,
    "46": 20,
    "47": 18,
    "48": 15,
    "49": 14,
    "50": 16,
    "51": 9,
    "52": 13,
    "53": 13,
    "54": 15,
    "55": 15,
    "56": 9,
    "57": 13,
    "58": 13,
    "59": 12,
    "60": 4,
    "61": 10,
    "62": 10,
    "63": 8,
    "64": 5,
    "65": 7,
    "66": 7,
    "67": 9,
    "68": 7,
    "69": 3,
    "70": 5,
    "71": 7,
    "72": 7,
    "73": 2,
    "74": 4,
    "75": 3,
    "76": 7,
    "77": 1,
    "78": 1,
    "79": 4,
    "80": 3,
    "81": 3,
    "82": 6,
    "83": 3,
    "84": 1,
    "85": 3,
    "86": 4,
    "87": 1,
    "88": 1,
    "89": 1
  }
}