{
  "metadata": {
    "tool_name": "DamageProfiler",
    "version": "1.1",
    "sample_name": "RmA031.GrysbokCape_Human_nc.Target.rmdup.noMicro.bam"
  },
  "lendist_fw": {
    "30": 651,
    "31": 619,
    "32": 553,
    "33": 571,
    "34": 503,
    "35": 495,
    "36": 504,
    "37": 506,
    "38": 465,
    "39": 458,
    "40": 424,
    "41": 413,
    "42": 373,
    "43": 358,
    "44": 349,
    "45": 340,
    "46": 325,
    "47": 294,
    "48": 275,
    "49": 314,
    "50": 289,
    "51": 242,
    "52": 258,
    "53": 231,
    "54": 218,
    "55": 219,
    "56": 245,
    "57": 183,
    "58": 220,
    "59": 181,
    "60": 191,
    "61": 168,
    "62": 174,
    "63": 145,
    "64": 137,
    "65": 129,
    "66": 152,
    "67": 143,
    "68": 125,
    "69": 141,
    "70": 120,
    "71": 120,
    "72": 109,
    "73": 110,
    "74": 109,
    "75": 97,
    "76": 105,
    "77": 81,
    "78": 102,
    "79": 76,
    "80": 84,
    "81": 84,
    "82": 68,
    "83": 75,
    "84": 72,
    "85": 74,
    "86": 64,
    "87": 65,
    "88": 66,
    "89": 66,
    "90": 55,
    "91": 56
  },
  "dmg_5p": [
    0.03456265688356826,
    0.014540241654720459,
    0.008113590263691683,
    0.006108848574601999,
    0.005605786618444846,
    0.002505817075353499,
    0.007034431691965938,
    0.0024262784621127288,
    0.0039905677489570105,
    0.0024800708591674048,
    0.0034191110311319055,
    0.002478753541076487,
    0.0023264137437365782,
    0.003340365682137834,
    0.0036172906493036716,
    0.004579077139837971,
    0.0012711094970038134,
    0.0017522340984755564,
    0.002691065662002153,
    0.004348613879325965,
    0.0025330197213678306,
    0.0037267080745341614,
    0.003883495145631068,
    0.002335189509610203,
    0.002574002574002574
  ],
  "summary_stats": {
    "std": 15.688968457619836,
    "median": 45.0,
    "mean_readlength": 48.81677521623513
  },
  "dmg_3p": [
    0.009180961584923895,
    0.007359125315391085,
    0.005473763684409211,
    0.002850085502565077,
    0.004321683577602405,
    0.003057004135946772,
    0.0016105941302791697,
    0.0023004777915413203,
    0.0019562511115063133,
    0.002697841726618705,
    0.001615798922800718,
    0.0012794735880095047,
    0.0022715359077406954,
    0.0010600706713780918,
    0.0015982951518380393,
    0.002130303568258477,
    0.0014091949973577594,
    0.001445870233146575,
    0.0016045640934212871,
    0.0012626262626262627,
    0.0026766595289079227,
    0.001612614226841068,
    0.0019335559852346634,
    7.078393204742523E-4,
    0.0019383259911894273
  ],
  "lendist_rv": {
    "30": 622,
    "31": 583,
    "32": 562,
    "33": 539,
    "34": 506,
    "35": 558,
    "36": 464,
    "37": 505,
    "38": 493,
    "39": 429,
    "40": 422,
    "41": 419,
    "42": 388,
    "43": 345,
    "44": 339,
    "45": 337,
    "46": 322,
    "47": 318,
    "48": 311,
    "49": 286,
    "50": 266,
    "51": 298,
    "52": 234,
    "53": 245,
    "54": 216,
    "55": 193,
    "56": 207,
    "57": 204,
    "58": 198,
    "59": 207,
    "60": 161,
    "61": 165,
    "62": 173,
    "63": 163,
    "64": 156,
    "65": 154,
    "66": 129,
    "67": 149,
    "68": 124,
    "69": 118,
    "70": 115,
    "71": 129,
    "72": 119,
    "73": 118,
    "74": 107,
    "75": 109,
    "76": 95,
    "77": 88,
    "78": 107,
    "79": 82,
    "80": 87,
    "81": 84,
    "82": 87,
    "83": 81,
    "84": 83,
    "85": 79,
    "86": 71,
    "87": 63,
    "88": 59,
    "89": 73,
    "90": 59,
    "91": 53
  }
}