{
  "metadata": {
    "tool_name": "DamageProfiler",
    "version": "1.1",
    "sample_name": "PaA011.BuffaloCape_Human_nc.Target.rmdup.noMicro_SCR_016.bam"
  },
  "lendist_fw": {
    "32": 1,
    "48": 1,
    "33": 1,
    "35": 1,
    "30": 16,
    "31": 4
  },
  "dmg_5p": [
    0.0,
    0.0,
    0.0,
    0.041666666666666664,
    0.0,
    0.0,
    0.0,
    0.0,
    0.045454545454545456,
    0.0,
    0.0,
    0.0,
    0.043478260869565216,
    0.0,
    0.09090909090909091,
    0.0,
    0.1,
    0.0,
    0.0,
    0.0,
    0.0625,
    0.0,
    0.0,
    0.05555555555555555,
    0.0
  ],
  "summary_stats": {
    "std": 7.716939218054053,
    "median": 30.0,
    "mean_readlength": 32.91304347826087
  },
  "dmg_3p": [
    0.0,
    0.0625,
    0.0,
    0.0,
    0.0,
    0.0,
    0.0,
    0.05555555555555555,
    0.06666666666666667,
    0.0,
    0.0,
    0.0,
    0.07692307692307693,
    0.0,
    0.0,
    0.0,
    0.043478260869565216,
    0.0,
    0.0,
    0.0,
    0.0,
    0.0,
    0.0,
    0.06666666666666667,
    0.0
  ],
  "lendist_rv": {
    "32": 2,
    "33": 3,
    "34": 1,
    "35": 1,
    "36": 1,
    "73": 1,
    "30": 17,
    "31": 5
  }
}