{
  "metadata": {
    "tool_name": "DamageProfiler",
    "version": "1.1",
    "sample_name": "ScA038.BuffaloCape_Human_nc.Target.rmdup.noMicro.bam"
  },
  "lendist_fw": {
    "32": 13,
    "33": 9,
    "34": 3,
    "35": 1,
    "36": 4,
    "37": 5,
    "38": 3,
    "39": 2,
    "40": 1,
    "42": 2,
    "45": 2,
    "46": 1,
    "49": 1,
    "51": 1,
    "52": 1,
    "30": 110,
    "31": 39
  },
  "dmg_5p": [
    0.009615384615384616,
    0.03,
    0.0,
    0.00909090909090909,
    0.009523809523809525,
    0.01098901098901099,
    0.0,
    0.010101010101010102,
    0.024691358024691357,
    0.012048192771084338,
    0.009345794392523364,
    0.0,
    0.0,
    0.0,
    0.0,
    0.010752688172043012,
    0.04597701149425287,
    0.010101010101010102,
    0.02197802197802198,
    0.022222222222222223,
    0.0,
    0.010638297872340425,
    0.021052631578947368,
    0.025,
    0.019417475728155338
  ],
  "summary_stats": {
    "std": 4.172626807360804,
    "median": 31.0,
    "mean_readlength": 32.1656050955414
  },
  "dmg_3p": [
    0.05555555555555555,
    0.0,
    0.027777777777777776,
    0.02666666666666667,
    0.0,
    0.0,
    0.02702702702702703,
    0.013888888888888888,
    0.05172413793103448,
    0.013157894736842105,
    0.0,
    0.012345679012345678,
    0.011235955056179775,
    0.013888888888888888,
    0.012658227848101266,
    0.06060606060606061,
    0.0125,
    0.03896103896103896,
    0.0125,
    0.0,
    0.06097560975609756,
    0.0,
    0.016129032258064516,
    0.04395604395604396,
    0.013333333333333334
  ],
  "lendist_rv": {
    "32": 19,
    "33": 17,
    "34": 7,
    "35": 1,
    "36": 3,
    "37": 1,
    "38": 3,
    "39": 1,
    "40": 2,
    "41": 2,
    "42": 1,
    "43": 1,
    "44": 1,
    "45": 1,
    "57": 1,
    "30": 120,
    "31": 58
  }
}