{
  "metadata": {
    "tool_name": "DamageProfiler",
    "version": "1.1",
    "sample_name": "PaA021.BuffaloCape_Human_nc.Target.rmdup.noMicro.bam"
  },
  "lendist_fw": {
    "30": 105,
    "31": 97,
    "32": 93,
    "33": 88,
    "34": 73,
    "35": 80,
    "36": 85,
    "37": 66,
    "38": 80,
    "39": 77,
    "40": 75,
    "41": 55,
    "42": 42,
    "43": 51,
    "44": 55,
    "45": 55,
    "46": 44,
    "47": 55,
    "48": 30,
    "49": 38,
    "50": 44,
    "51": 28,
    "52": 29,
    "53": 32,
    "54": 26,
    "55": 23,
    "56": 29,
    "57": 23,
    "58": 17,
    "59": 12,
    "60": 15,
    "61": 11,
    "62": 12,
    "63": 14,
    "64": 18,
    "65": 9,
    "66": 7,
    "67": 11,
    "68": 5,
    "69": 9,
    "70": 8,
    "71": 7,
    "72": 5,
    "73": 5,
    "74": 3,
    "75": 5,
    "76": 3,
    "77": 3,
    "78": 1,
    "79": 1,
    "80": 2,
    "81": 2,
    "82": 4,
    "84": 3,
    "85": 1,
    "86": 3,
    "87": 2,
    "88": 1,
    "89": 2,
    "91": 1
  },
  "dmg_5p": [
    0.250384024577573,
    0.028680688336520075,
    0.011705685618729096,
    0.01620745542949757,
    0.0062402496099844,
    0.007911392405063292,
    0.013745704467353952,
    0.003169572107765452,
    0.003372681281618887,
    0.011904761904761904,
    0.008460236886632826,
    0.022071307300509338,
    0.003424657534246575,
    0.00794912559618442,
    0.008,
    0.0,
    0.009917355371900827,
    0.0065040650406504065,
    0.0064516129032258064,
    0.009983361064891847,
    0.011456628477905073,
    0.007911392405063292,
    0.008375209380234505,
    0.004942339373970346,
    0.01056338028169014
  ],
  "summary_stats": {
    "std": 11.93414159947577,
    "median": 40.0,
    "mean_readlength": 43.52203856749327
  },
  "dmg_3p": [
    0.024844720496894408,
    0.013986013986013986,
    0.014767932489451477,
    0.013461538461538462,
    0.0041753653444676405,
    0.01436265709156194,
    0.007220216606498195,
    0.011131725417439703,
    0.007207207207207207,
    0.005660377358490566,
    0.001890359168241966,
    0.002044989775051125,
    0.009746588693957114,
    0.017408123791102514,
    0.0073937153419593345,
    0.011516314779270634,
    0.006825938566552901,
    0.008576329331046312,
    0.0128,
    0.0068143100511073255,
    0.0070921985815602835,
    0.00676818950930626,
    0.005628517823639775,
    0.012939001848428836,
    0.009416195856873822
  ],
  "lendist_rv": {
    "30": 119,
    "31": 109,
    "32": 87,
    "33": 67,
    "34": 74,
    "35": 75,
    "36": 80,
    "37": 76,
    "38": 76,
    "39": 67,
    "40": 68,
    "41": 59,
    "42": 50,
    "43": 57,
    "44": 70,
    "45": 45,
    "46": 47,
    "47": 38,
    "48": 30,
    "49": 35,
    "50": 37,
    "51": 29,
    "52": 32,
    "53": 24,
    "54": 33,
    "55": 19,
    "56": 21,
    "57": 22,
    "58": 18,
    "59": 16,
    "60": 22,
    "61": 14,
    "62": 6,
    "63": 6,
    "64": 6,
    "65": 15,
    "66": 7,
    "67": 10,
    "68": 6,
    "69": 7,
    "70": 7,
    "71": 2,
    "72": 3,
    "73": 5,
    "75": 4,
    "76": 7,
    "77": 1,
    "78": 1,
    "79": 1,
    "80": 5,
    "82": 2,
    "83": 4,
    "84": 3,
    "85": 2,
    "86": 3,
    "87": 1,
    "89": 1,
    "90": 1
  }
}