{
  "metadata": {
    "tool_name": "DamageProfiler",
    "version": "1.1",
    "sample_name": "PaA019.BuffaloCape_Human_nc.Target.rmdup.noMicro.bam"
  },
  "lendist_fw": {
    "30": 171,
    "31": 124,
    "32": 99,
    "33": 81,
    "34": 76,
    "35": 78,
    "36": 58,
    "37": 66,
    "38": 69,
    "39": 86,
    "40": 56,
    "41": 58,
    "42": 44,
    "43": 53,
    "44": 44,
    "45": 36,
    "46": 42,
    "47": 37,
    "48": 22,
    "49": 30,
    "50": 26,
    "51": 14,
    "52": 17,
    "53": 15,
    "54": 11,
    "55": 13,
    "56": 15,
    "57": 12,
    "58": 8,
    "59": 11,
    "60": 13,
    "61": 8,
    "62": 5,
    "63": 13,
    "64": 8,
    "65": 5,
    "66": 4,
    "67": 4,
    "68": 4,
    "69": 4,
    "70": 7,
    "71": 7,
    "72": 4,
    "73": 3,
    "74": 4,
    "75": 2,
    "76": 1,
    "77": 1,
    "78": 3
  },
  "dmg_5p": [
    0.18600682593856654,
    0.0137524557956778,
    0.0033112582781456954,
    0.02023608768971332,
    0.013008130081300813,
    0.012089810017271158,
    0.012727272727272728,
    0.007326007326007326,
    0.00676818950930626,
    0.010309278350515464,
    0.007042253521126761,
    0.010507880910683012,
    0.00686106346483705,
    0.009124087591240875,
    0.005042016806722689,
    0.01818181818181818,
    0.007259528130671506,
    0.010526315789473684,
    0.01232394366197183,
    0.008880994671403197,
    0.013605442176870748,
    0.012110726643598616,
    0.006993006993006993,
    0.0034071550255536627,
    0.010380622837370242
  ],
  "summary_stats": {
    "std": 10.592004022296143,
    "median": 38.0,
    "mean_readlength": 40.959221501390374
  },
  "dmg_3p": [
    0.028089887640449437,
    0.008714596949891068,
    0.01764705882352941,
    0.017928286852589643,
    0.01282051282051282,
    0.012280701754385965,
    0.009208103130755065,
    0.007207207207207207,
    0.008210180623973728,
    0.008488964346349746,
    0.001639344262295082,
    0.010802469135802469,
    0.012433392539964476,
    0.0053475935828877,
    0.01867572156196944,
    0.008223684210526315,
    0.015025041736227046,
    0.005434782608695652,
    0.005366726296958855,
    0.009615384615384616,
    0.01206896551724138,
    0.0068143100511073255,
    0.007532956685499058,
    0.006633499170812604,
    0.009009009009009009
  ],
  "lendist_rv": {
    "30": 154,
    "31": 123,
    "32": 103,
    "33": 71,
    "34": 73,
    "35": 79,
    "36": 72,
    "37": 72,
    "38": 64,
    "39": 68,
    "40": 62,
    "41": 62,
    "42": 48,
    "43": 46,
    "44": 46,
    "45": 39,
    "46": 31,
    "47": 30,
    "48": 30,
    "49": 29,
    "50": 26,
    "51": 30,
    "52": 19,
    "53": 16,
    "54": 15,
    "55": 13,
    "56": 14,
    "57": 8,
    "58": 9,
    "59": 13,
    "60": 10,
    "61": 8,
    "62": 7,
    "63": 7,
    "64": 9,
    "65": 9,
    "66": 3,
    "67": 3,
    "68": 2,
    "69": 9,
    "70": 4,
    "71": 3,
    "72": 3,
    "73": 2,
    "74": 2,
    "75": 4,
    "76": 1,
    "78": 1,
    "80": 2,
    "81": 1,
    "83": 2,
    "84": 1,
    "86": 1,
    "88": 1,
    "91": 1
  }
}