{
  "metadata": {
    "tool_name": "DamageProfiler",
    "version": "1.1",
    "sample_name": "ScA045.BuffaloCape_Human_nc.Target.rmdup.noMicro.bam"
  },
  "lendist_fw": {
    "30": 1019,
    "31": 870,
    "32": 748,
    "33": 739,
    "34": 833,
    "35": 802,
    "36": 844,
    "37": 858,
    "38": 868,
    "39": 931,
    "40": 987,
    "41": 1028,
    "42": 1020,
    "43": 930,
    "44": 940,
    "45": 1011,
    "46": 939,
    "47": 1017,
    "48": 1032,
    "49": 986,
    "50": 1039,
    "51": 982,
    "52": 943,
    "53": 970,
    "54": 947,
    "55": 946,
    "56": 892,
    "57": 920,
    "58": 891,
    "59": 881,
    "60": 846,
    "61": 869,
    "62": 825,
    "63": 812,
    "64": 816,
    "65": 745,
    "66": 756,
    "67": 788,
    "68": 759,
    "69": 684,
    "70": 698,
    "71": 700,
    "72": 684,
    "73": 679,
    "74": 677,
    "75": 632,
    "76": 603,
    "77": 584,
    "78": 580,
    "79": 566,
    "80": 541,
    "81": 545,
    "82": 502,
    "83": 471,
    "84": 451,
    "85": 474,
    "86": 422,
    "87": 418,
    "88": 430,
    "89": 396,
    "90": 373,
    "91": 359
  },
  "dmg_5p": [
    0.06145396134514742,
    0.013157093256989705,
    0.008633633633633633,
    0.008053106975731854,
    0.006129932680203601,
    0.0068995970635314895,
    0.006567961705443616,
    0.006925439821278972,
    0.005883671410960439,
    0.006530567445944463,
    0.0053848245852597225,
    0.004767005891805035,
    0.005357240474498442,
    0.00579950289975145,
    0.005136050704841001,
    0.005897916436997023,
    0.006445570736007052,
    0.005020463847203274,
    0.005337690631808279,
    0.006323248841646225,
    0.005904978601224335,
    0.0049975555434841655,
    0.005974239517676076,
    0.005199977872434585,
    0.006124475833149415
  ],
  "summary_stats": {
    "std": 16.49736582250028,
    "median": 55.0,
    "mean_readlength": 56.56663610207342
  },
  "dmg_3p": [
    0.00885843222463647,
    0.0067161046592976075,
    0.006166375799883653,
    0.006140821558457044,
    0.004934014980382832,
    0.004778554778554779,
    0.004422745548535324,
    0.004402012348502173,
    0.00346709105376833,
    0.0034513975330994684,
    0.0040898649784301645,
    0.0034183244606332307,
    0.0036117381489841984,
    0.003215434083601286,
    0.003902547806210626,
    0.0031314656377565285,
    0.003971856559237404,
    0.004200504060487258,
    0.004582285554624197,
    0.0038275357424293593,
    0.0043461302724689364,
    0.003978705519753432,
    0.004044489383215369,
    0.0038620844061345574,
    0.0034864416159380188
  ],
  "lendist_rv": {
    "30": 998,
    "31": 868,
    "32": 791,
    "33": 757,
    "34": 801,
    "35": 828,
    "36": 821,
    "37": 911,
    "38": 889,
    "39": 925,
    "40": 977,
    "41": 962,
    "42": 1005,
    "43": 960,
    "44": 1008,
    "45": 921,
    "46": 958,
    "47": 929,
    "48": 945,
    "49": 986,
    "50": 1011,
    "51": 1024,
    "52": 973,
    "53": 955,
    "54": 934,
    "55": 884,
    "56": 950,
    "57": 967,
    "58": 857,
    "59": 937,
    "60": 876,
    "61": 871,
    "62": 836,
    "63": 798,
    "64": 785,
    "65": 769,
    "66": 754,
    "67": 732,
    "68": 742,
    "69": 759,
    "70": 711,
    "71": 711,
    "72": 641,
    "73": 618,
    "74": 613,
    "75": 589,
    "76": 569,
    "77": 576,
    "78": 582,
    "79": 549,
    "80": 531,
    "81": 547,
    "82": 513,
    "83": 514,
    "84": 482,
    "85": 428,
    "86": 453,
    "87": 420,
    "88": 404,
    "89": 386,
    "90": 403,
    "91": 365
  }
}