{
  "metadata": {
    "tool_name": "DamageProfiler",
    "version": "1.1",
    "sample_name": "PaA004.BuffaloCape_Human_nc.Target.rmdup.noMicro_BEST_014.bam"
  },
  "lendist_fw": {
    "32": 5,
    "33": 5,
    "36": 1,
    "150": 1,
    "40": 1,
    "30": 28,
    "31": 9,
    "47": 1
  },
  "dmg_5p": [
    0.0,
    0.02702702702702703,
    0.05,
    0.0,
    0.025,
    0.0625,
    0.0,
    0.0,
    0.029411764705882353,
    0.0,
    0.07317073170731707,
    0.0,
    0.030303030303030304,
    0.0,
    0.0,
    0.02702702702702703,
    0.0,
    0.0,
    0.02857142857142857,
    0.0,
    0.0,
    0.0,
    0.0,
    0.0,
    0.0
  ],
  "summary_stats": {
    "std": 19.190857484464075,
    "median": 31.0,
    "mean_readlength": 35.542857142857144
  },
  "dmg_3p": [
    0.0,
    0.0,
    0.0,
    0.024390243902439025,
    0.0,
    0.030303030303030304,
    0.0,
    0.0,
    0.0,
    0.0,
    0.0,
    0.0,
    0.041666666666666664,
    0.06060606060606061,
    0.030303030303030304,
    0.0,
    0.027777777777777776,
    0.03125,
    0.03333333333333333,
    0.0,
    0.027777777777777776,
    0.029411764705882353,
    0.0,
    0.0,
    0.0
  ],
  "lendist_rv": {
    "32": 4,
    "96": 1,
    "69": 1,
    "30": 20,
    "31": 15
  }
}