{
  "metadata": {
    "tool_name": "DamageProfiler",
    "version": "1.1",
    "sample_name": "RxA017.ReedbuckBh_Human_nc.Target.rmdup.noMicro.bam"
  },
  "lendist_fw": {
    "30": 566,
    "31": 415,
    "32": 353,
    "33": 368,
    "34": 335,
    "35": 368,
    "36": 396,
    "37": 381,
    "38": 368,
    "39": 356,
    "40": 361,
    "41": 376,
    "42": 374,
    "43": 356,
    "44": 359,
    "45": 333,
    "46": 347,
    "47": 325,
    "48": 316,
    "49": 292,
    "50": 296,
    "51": 299,
    "52": 285,
    "53": 279,
    "54": 272,
    "55": 260,
    "56": 282,
    "57": 250,
    "58": 241,
    "59": 211,
    "60": 219,
    "61": 200,
    "62": 196,
    "63": 211,
    "64": 146,
    "65": 202,
    "66": 166,
    "67": 145,
    "68": 144,
    "69": 125,
    "70": 141,
    "71": 117,
    "72": 93,
    "73": 115,
    "74": 118,
    "75": 98,
    "76": 74,
    "77": 110,
    "78": 110,
    "79": 85,
    "80": 84,
    "81": 68,
    "82": 61,
    "83": 57,
    "84": 71,
    "85": 64,
    "86": 53,
    "87": 49,
    "88": 40,
    "89": 53,
    "90": 36,
    "91": 52
  },
  "dmg_5p": [
    0.08713692946058091,
    0.017431972789115645,
    0.013192612137203167,
    0.012962962962962963,
    0.010443864229765013,
    0.01039539632448487,
    0.009716136406934655,
    0.008372978116079923,
    0.012514439738159414,
    0.010570824524312896,
    0.009926952612848847,
    0.00996126175982291,
    0.01169482086504548,
    0.009855813104581128,
    0.010970304520522035,
    0.011456023651145602,
    0.009342301943198805,
    0.011824324324324325,
    0.012385670731707318,
    0.011036288814066592,
    0.012417685794920037,
    0.010636312744915097,
    0.011724659606656581,
    0.01178743961352657,
    0.01134001134001134
  ],
  "summary_stats": {
    "std": 15.103914527165477,
    "median": 48.0,
    "mean_readlength": 50.623739587900324
  },
  "dmg_3p": [
    0.023774581743469327,
    0.019845360824742267,
    0.018366895330825403,
    0.012282268870031265,
    0.013370118845500848,
    0.008252818035426731,
    0.011370558375634518,
    0.0118521494576135,
    0.007834471675371634,
    0.008275862068965517,
    0.009464357631896899,
    0.009801919542577088,
    0.007514216084484159,
    0.009174311926605505,
    0.007985257985257985,
    0.008521601268331352,
    0.009454838060752363,
    0.00854191497814859,
    0.009561752988047808,
    0.006268958543983822,
    0.011904761904761904,
    0.008511480601741884,
    0.011556086869894401,
    0.010551948051948052,
    0.009529366005445352
  ],
  "lendist_rv": {
    "30": 572,
    "31": 391,
    "32": 326,
    "33": 369,
    "34": 345,
    "35": 343,
    "36": 345,
    "37": 374,
    "38": 378,
    "39": 357,
    "40": 340,
    "41": 381,
    "42": 376,
    "43": 379,
    "44": 316,
    "45": 352,
    "46": 340,
    "47": 357,
    "48": 340,
    "49": 326,
    "50": 337,
    "51": 272,
    "52": 311,
    "53": 268,
    "54": 259,
    "55": 286,
    "56": 267,
    "57": 238,
    "58": 229,
    "59": 242,
    "60": 217,
    "61": 208,
    "62": 217,
    "63": 213,
    "64": 197,
    "65": 159,
    "66": 193,
    "67": 167,
    "68": 133,
    "69": 131,
    "70": 144,
    "71": 128,
    "72": 124,
    "73": 110,
    "74": 121,
    "75": 100,
    "76": 107,
    "77": 95,
    "78": 100,
    "79": 89,
    "80": 76,
    "81": 76,
    "82": 82,
    "83": 66,
    "84": 71,
    "85": 68,
    "86": 57,
    "87": 52,
    "88": 62,
    "89": 43,
    "90": 50,
    "91": 53
  }
}