{
  "metadata": {
    "tool_name": "DamageProfiler",
    "version": "1.1",
    "sample_name": "ToA008.ElandCommon_Human_nc.Target.rmdup.noMicro_BEST_019.bam"
  },
  "lendist_fw": {
    "32": 1,
    "33": 1,
    "34": 1,
    "42": 1,
    "30": 12,
    "31": 2
  },
  "dmg_5p": [
    0.0,
    0.0,
    0.0,
    0.0,
    0.16666666666666666,
    0.0,
    0.0,
    0.0,
    0.0,
    0.0,
    0.0,
    0.0,
    0.0,
    0.058823529411764705,
    0.0,
    0.0,
    0.0,
    0.0,
    0.0,
    0.0,
    0.058823529411764705,
    0.0,
    0.08333333333333333,
    0.06666666666666667,
    0.0
  ],
  "summary_stats": {
    "std": 14.338948433440665,
    "median": 31.0,
    "mean_readlength": 34.244897959183675
  },
  "dmg_3p": [
    0.0,
    0.06666666666666667,
    0.0,
    0.06666666666666667,
    0.0,
    0.0,
    0.0,
    0.0625,
    0.0,
    0.0,
    0.0,
    0.0,
    0.0,
    0.0,
    0.0,
    0.0,
    0.0,
    0.0,
    0.0,
    0.0,
    0.0,
    0.0,
    0.0,
    0.0,
    0.0
  ],
  "lendist_rv": {
    "32": 1,
    "33": 1,
    "102": 1,
    "30": 9,
    "31": 8
  }
}