{
  "metadata": {
    "tool_name": "DamageProfiler",
    "version": "1.1",
    "sample_name": "PaA011.BuffaloCape_Human_nc.Target.rmdup.noMicro_SCR_089.bam"
  },
  "lendist_fw": {
    "32": 5,
    "33": 1,
    "34": 1,
    "66": 1,
    "35": 1,
    "36": 1,
    "30": 22,
    "31": 9
  },
  "dmg_5p": [
    0.0,
    0.0,
    0.0,
    0.0,
    0.0,
    0.0,
    0.0,
    0.10526315789473684,
    0.041666666666666664,
    0.0,
    0.0,
    0.06896551724137931,
    0.0,
    0.05555555555555555,
    0.029411764705882353,
    0.0,
    0.0,
    0.0,
    0.0,
    0.0,
    0.0,
    0.0,
    0.0,
    0.0,
    0.047619047619047616
  ],
  "summary_stats": {
    "std": 5.877145777572854,
    "median": 31.0,
    "mean_readlength": 32.49523809523809
  },
  "dmg_3p": [
    0.0,
    0.05263157894736842,
    0.0,
    0.0,
    0.0,
    0.0,
    0.0,
    0.05263157894736842,
    0.0,
    0.0,
    0.0,
    0.0,
    0.0,
    0.0,
    0.0,
    0.09523809523809523,
    0.047619047619047616,
    0.05,
    0.05555555555555555,
    0.047619047619047616,
    0.0,
    0.0,
    0.0,
    0.0,
    0.0
  ],
  "lendist_rv": {
    "32": 4,
    "33": 2,
    "34": 2,
    "35": 1,
    "51": 1,
    "36": 1,
    "43": 1,
    "30": 25,
    "31": 10
  }
}