{
  "metadata": {
    "tool_name": "DamageProfiler",
    "version": "1.1",
    "sample_name": "PaA025.BuffaloCape_Human_nc.Target.rmdup.noMicro.bam"
  },
  "lendist_fw": {
    "32": 59,
    "33": 18,
    "34": 11,
    "35": 5,
    "36": 4,
    "37": 4,
    "38": 1,
    "39": 6,
    "40": 1,
    "42": 1,
    "43": 2,
    "44": 1,
    "45": 1,
    "46": 1,
    "49": 1,
    "50": 1,
    "30": 309,
    "31": 125
  },
  "dmg_5p": [
    0.0273972602739726,
    0.01932367149758454,
    0.009708737864077669,
    0.030303030303030304,
    0.027149321266968326,
    0.015384615384615385,
    0.028985507246376812,
    0.029850746268656716,
    0.015625,
    0.0391304347826087,
    0.025,
    0.03508771929824561,
    0.0330188679245283,
    0.0273972602739726,
    0.004975124378109453,
    0.03211009174311927,
    0.024271844660194174,
    0.0,
    0.005076142131979695,
    0.009478672985781991,
    0.009259259259259259,
    0.021164021164021163,
    0.031578947368421054,
    0.03418803418803419,
    0.02040816326530612
  ],
  "summary_stats": {
    "std": 3.621095980976734,
    "median": 30.0,
    "mean_readlength": 31.400715563506264
  },
  "dmg_3p": [
    0.05333333333333334,
    0.024390243902439025,
    0.01818181818181818,
    0.034482758620689655,
    0.0446927374301676,
    0.027472527472527472,
    0.041884816753926704,
    0.015,
    0.03482587064676617,
    0.015228426395939087,
    0.04145077720207254,
    0.010869565217391304,
    0.010362694300518135,
    0.01675977653631285,
    0.025906735751295335,
    0.015706806282722512,
    0.010752688172043012,
    0.020512820512820513,
    0.03431372549019608,
    0.016666666666666666,
    0.026455026455026454,
    0.03783783783783784,
    0.004807692307692308,
    0.010638297872340425,
    0.02857142857142857
  ],
  "lendist_rv": {
    "32": 44,
    "33": 18,
    "34": 8,
    "66": 1,
    "35": 4,
    "36": 3,
    "38": 2,
    "39": 2,
    "41": 1,
    "42": 2,
    "74": 1,
    "43": 1,
    "44": 3,
    "47": 1,
    "50": 1,
    "30": 308,
    "31": 132
  }
}