{
  "metadata": {
    "tool_name": "DamageProfiler",
    "version": "1.1",
    "sample_name": "ScA037.BuffaloCape_Human_nc.Target.rmdup.noMicro.bam"
  },
  "lendist_fw": {
    "67": 1,
    "68": 3,
    "70": 1,
    "71": 2,
    "72": 1,
    "76": 1,
    "79": 2,
    "30": 130,
    "31": 92,
    "32": 68,
    "33": 78,
    "34": 78,
    "35": 66,
    "36": 56,
    "37": 50,
    "38": 46,
    "39": 45,
    "40": 44,
    "41": 24,
    "42": 30,
    "43": 25,
    "44": 16,
    "45": 18,
    "46": 23,
    "47": 14,
    "48": 12,
    "49": 14,
    "50": 14,
    "51": 11,
    "52": 7,
    "53": 8,
    "54": 6,
    "55": 4,
    "56": 6,
    "57": 2,
    "58": 5,
    "60": 6,
    "62": 5,
    "63": 3
  },
  "dmg_5p": [
    0.14722222222222223,
    0.010135135135135136,
    0.010471204188481676,
    0.011494252873563218,
    0.002881844380403458,
    0.005277044854881266,
    0.011299435028248588,
    0.0,
    0.006172839506172839,
    0.005813953488372093,
    0.008620689655172414,
    0.002890173410404624,
    0.0028169014084507044,
    0.002898550724637681,
    0.007853403141361256,
    0.005952380952380952,
    0.009316770186335404,
    0.0,
    0.006191950464396285,
    0.005988023952095809,
    0.0056022408963585435,
    0.01639344262295082,
    0.002881844380403458,
    0.008645533141210375,
    0.0076726342710997444
  ],
  "summary_stats": {
    "std": 8.603871683501419,
    "median": 36.0,
    "mean_readlength": 38.32869080779948
  },
  "dmg_3p": [
    0.028901734104046242,
    0.014184397163120567,
    0.0056657223796034,
    0.00625,
    0.010033444816053512,
    0.006493506493506494,
    0.0029940119760479044,
    0.014164305949008499,
    0.006369426751592357,
    0.006309148264984227,
    0.003105590062111801,
    0.006134969325153374,
    0.003367003367003367,
    0.0030303030303030303,
    0.011299435028248588,
    0.003067484662576687,
    0.0058823529411764705,
    0.0029498525073746312,
    0.0,
    0.0029585798816568047,
    0.002932551319648094,
    0.006042296072507553,
    0.003048780487804878,
    0.006060606060606061,
    0.008450704225352112
  ],
  "lendist_rv": {
    "64": 1,
    "65": 1,
    "66": 1,
    "67": 2,
    "69": 1,
    "70": 1,
    "74": 1,
    "76": 1,
    "77": 3,
    "78": 1,
    "87": 1,
    "30": 141,
    "31": 96,
    "32": 80,
    "33": 52,
    "34": 69,
    "35": 58,
    "36": 55,
    "37": 65,
    "38": 61,
    "39": 47,
    "40": 41,
    "41": 32,
    "42": 35,
    "43": 39,
    "44": 19,
    "45": 19,
    "46": 20,
    "47": 12,
    "48": 12,
    "49": 13,
    "50": 12,
    "51": 6,
    "52": 9,
    "53": 11,
    "54": 8,
    "55": 7,
    "56": 3,
    "57": 4,
    "58": 6,
    "59": 2,
    "60": 2,
    "61": 1,
    "62": 1,
    "63": 1
  }
}