{
  "metadata": {
    "tool_name": "DamageProfiler",
    "version": "1.1",
    "sample_name": "ScA044.BuffaloCape_Human_nc.Target.rmdup.noMicro.bam"
  },
  "lendist_fw": {
    "30": 412,
    "31": 392,
    "32": 378,
    "33": 358,
    "34": 360,
    "35": 357,
    "36": 348,
    "37": 369,
    "38": 379,
    "39": 342,
    "40": 377,
    "41": 362,
    "42": 379,
    "43": 366,
    "44": 325,
    "45": 347,
    "46": 326,
    "47": 282,
    "48": 304,
    "49": 255,
    "50": 281,
    "51": 299,
    "52": 248,
    "53": 260,
    "54": 253,
    "55": 196,
    "56": 235,
    "57": 220,
    "58": 189,
    "59": 198,
    "60": 168,
    "61": 178,
    "62": 163,
    "63": 151,
    "64": 165,
    "65": 148,
    "66": 136,
    "67": 143,
    "68": 152,
    "69": 123,
    "70": 101,
    "71": 112,
    "72": 111,
    "73": 87,
    "74": 91,
    "75": 86,
    "76": 68,
    "77": 90,
    "78": 74,
    "79": 72,
    "80": 68,
    "81": 79,
    "82": 67,
    "83": 56,
    "84": 51,
    "85": 73,
    "86": 53,
    "87": 43,
    "88": 43,
    "89": 46,
    "90": 35,
    "91": 43
  },
  "dmg_5p": [
    0.03986710963455149,
    0.017984782107447545,
    0.013793103448275862,
    0.008967674661105318,
    0.006954689146469968,
    0.00718816067653277,
    0.006997324552377032,
    0.0071567989590110605,
    0.00619525742362743,
    0.005411030176899064,
    0.004106776180698152,
    0.005277044854881266,
    0.0034743511138360926,
    0.004243281471004243,
    0.0046795523906408955,
    0.005313713468219906,
    0.008176614881439084,
    0.005912334352701326,
    0.005180273518441774,
    0.005371900826446281,
    0.0045388900350732415,
    0.005363036303630363,
    0.005890717042453788,
    0.006109979633401222,
    0.005355303810504634
  ],
  "summary_stats": {
    "std": 15.01630511035167,
    "median": 47.0,
    "mean_readlength": 50.00064000000143
  },
  "dmg_3p": [
    0.012392755004766444,
    0.006575342465753425,
    0.005128205128205128,
    0.004532442748091603,
    0.0038928326081978477,
    0.003985828166519044,
    0.0032523850823937554,
    0.002726510067114094,
    0.0033333333333333335,
    0.00440251572327044,
    0.0032935364347468094,
    0.004923076923076923,
    0.003829787234042553,
    0.0041211621677313005,
    0.0031289111389236545,
    0.004729590787579683,
    0.0037437603993344427,
    0.003355704697986577,
    0.0031178549158179174,
    0.0027507405840033854,
    0.005615550755939525,
    0.0037910699241786015,
    0.002807862013638187,
    0.003932119205298013,
    0.0026982150269821504
  ],
  "lendist_rv": {
    "30": 420,
    "31": 357,
    "32": 370,
    "33": 348,
    "34": 339,
    "35": 366,
    "36": 351,
    "37": 389,
    "38": 354,
    "39": 415,
    "40": 349,
    "41": 361,
    "42": 335,
    "43": 338,
    "44": 354,
    "45": 332,
    "46": 336,
    "47": 295,
    "48": 329,
    "49": 283,
    "50": 277,
    "51": 296,
    "52": 271,
    "53": 228,
    "54": 249,
    "55": 239,
    "56": 201,
    "57": 205,
    "58": 188,
    "59": 216,
    "60": 168,
    "61": 156,
    "62": 158,
    "63": 125,
    "64": 159,
    "65": 135,
    "66": 134,
    "67": 132,
    "68": 138,
    "69": 123,
    "70": 105,
    "71": 95,
    "72": 80,
    "73": 112,
    "74": 107,
    "75": 86,
    "76": 81,
    "77": 75,
    "78": 82,
    "79": 77,
    "80": 72,
    "81": 72,
    "82": 68,
    "83": 53,
    "84": 66,
    "85": 56,
    "86": 55,
    "87": 44,
    "88": 41,
    "89": 48,
    "90": 59,
    "91": 50
  }
}