{
  "metadata": {
    "tool_name": "DamageProfiler",
    "version": "1.1",
    "sample_name": "ToA008.ElandCommon_Human_nc.Target.rmdup.noMicro.bam"
  },
  "lendist_fw": {
    "32": 5,
    "33": 8,
    "34": 1,
    "36": 1,
    "37": 2,
    "70": 1,
    "40": 1,
    "41": 1,
    "42": 1,
    "44": 1,
    "45": 1,
    "47": 1,
    "79": 1,
    "48": 1,
    "80": 1,
    "49": 1,
    "122": 1,
    "61": 1,
    "30": 64,
    "31": 25
  },
  "dmg_5p": [
    0.0,
    0.014925373134328358,
    0.013513513513513514,
    0.0,
    0.025974025974025976,
    0.0,
    0.0,
    0.0,
    0.0,
    0.0,
    0.03278688524590164,
    0.0,
    0.0,
    0.013513513513513514,
    0.031746031746031744,
    0.0,
    0.017241379310344827,
    0.0,
    0.0,
    0.018867924528301886,
    0.030303030303030304,
    0.01818181818181818,
    0.01818181818181818,
    0.03389830508474576,
    0.03333333333333333
  ],
  "summary_stats": {
    "std": 14.753258563386336,
    "median": 31.0,
    "mean_readlength": 36.01908396946565
  },
  "dmg_3p": [
    0.02127659574468085,
    0.041666666666666664,
    0.01818181818181818,
    0.05555555555555555,
    0.0,
    0.017857142857142856,
    0.02127659574468085,
    0.03773584905660377,
    0.0,
    0.0,
    0.0,
    0.02127659574468085,
    0.0,
    0.05263157894736842,
    0.016129032258064516,
    0.0,
    0.0425531914893617,
    0.0,
    0.0,
    0.0,
    0.0,
    0.0,
    0.016666666666666666,
    0.03389830508474576,
    0.0
  ],
  "lendist_rv": {
    "32": 7,
    "64": 1,
    "33": 3,
    "34": 1,
    "98": 1,
    "37": 1,
    "69": 1,
    "102": 1,
    "43": 1,
    "54": 1,
    "60": 1,
    "30": 49,
    "62": 1,
    "31": 40
  }
}