{
  "metadata": {
    "tool_name": "DamageProfiler",
    "version": "1.1",
    "sample_name": "ScA043.BuffaloCape_Human_nc.Target.rmdup.noMicro.bam"
  },
  "lendist_fw": {
    "30": 3104,
    "31": 3328,
    "32": 3306,
    "33": 3541,
    "34": 3581,
    "35": 3613,
    "36": 3815,
    "37": 3712,
    "38": 3661,
    "39": 3743,
    "40": 3679,
    "41": 3743,
    "42": 3688,
    "43": 3613,
    "44": 3580,
    "45": 3610,
    "46": 3488,
    "47": 3557,
    "48": 3399,
    "49": 3295,
    "50": 3342,
    "51": 3279,
    "52": 3197,
    "53": 3174,
    "54": 2927,
    "55": 2911,
    "56": 2861,
    "57": 2895,
    "58": 2645,
    "59": 2681,
    "60": 2651,
    "61": 2612,
    "62": 2547,
    "63": 2350,
    "64": 2323,
    "65": 2258,
    "66": 2212,
    "67": 2205,
    "68": 2136,
    "69": 2065,
    "70": 2092,
    "71": 2033,
    "72": 1978,
    "73": 1824,
    "74": 1740,
    "75": 1824,
    "76": 1714,
    "77": 1685,
    "78": 1530,
    "79": 1546,
    "80": 1536,
    "81": 1554,
    "82": 1469,
    "83": 1367,
    "84": 1341,
    "85": 1291,
    "86": 1281,
    "87": 1209,
    "88": 1206,
    "89": 1073,
    "90": 1069,
    "91": 1027
  },
  "dmg_5p": [
    0.01893232531062092,
    0.011590515565921057,
    0.00769305050374996,
    0.007019155077407505,
    0.005610555673348229,
    0.005326404676843131,
    0.005048755135375935,
    0.004940959718616532,
    0.005035662395984678,
    0.004367529226323394,
    0.004775549188156638,
    0.004388634397924208,
    0.004301765650080257,
    0.004485969243678495,
    0.004261409320425819,
    0.004578399016372225,
    0.0050357848375918906,
    0.004864298944994765,
    0.004912246458140178,
    0.0043256252642534234,
    0.004400263373428191,
    0.004516682585679364,
    0.005041744346275432,
    0.004331813683339553,
    0.004600551413609149
  ],
  "summary_stats": {
    "std": 16.4060987850531,
    "median": 52.0,
    "mean_readlength": 54.37403975603798
  },
  "dmg_3p": [
    0.0096164724516348,
    0.0076589623466749605,
    0.006053787635272688,
    0.004781755762628739,
    0.0042420569647649555,
    0.004218122681303044,
    0.004114738553237605,
    0.0038233575423658067,
    0.004101104787412119,
    0.0035358782719442303,
    0.0037891378049591173,
    0.003986247446310229,
    0.0033549765485470116,
    0.0033066684480368745,
    0.0037226617031177293,
    0.0037376036146779847,
    0.003644875438889818,
    0.0037325923942153187,
    0.003939875513177062,
    0.0034755712242658062,
    0.0031788522670235905,
    0.003918744661966406,
    0.003351862606819879,
    0.0037027153245713525,
    0.0036009250082590025
  ],
  "lendist_rv": {
    "30": 3155,
    "31": 3401,
    "32": 3334,
    "33": 3475,
    "34": 3550,
    "35": 3606,
    "36": 3700,
    "37": 3671,
    "38": 3799,
    "39": 3751,
    "40": 3788,
    "41": 3880,
    "42": 3808,
    "43": 3619,
    "44": 3563,
    "45": 3461,
    "46": 3511,
    "47": 3427,
    "48": 3430,
    "49": 3304,
    "50": 3343,
    "51": 3206,
    "52": 3236,
    "53": 3113,
    "54": 3009,
    "55": 2828,
    "56": 2851,
    "57": 2870,
    "58": 2762,
    "59": 2736,
    "60": 2748,
    "61": 2563,
    "62": 2520,
    "63": 2501,
    "64": 2309,
    "65": 2357,
    "66": 2268,
    "67": 2153,
    "68": 2122,
    "69": 2007,
    "70": 2066,
    "71": 2050,
    "72": 1970,
    "73": 1874,
    "74": 1790,
    "75": 1769,
    "76": 1667,
    "77": 1578,
    "78": 1534,
    "79": 1551,
    "80": 1556,
    "81": 1443,
    "82": 1467,
    "83": 1387,
    "84": 1333,
    "85": 1313,
    "86": 1202,
    "87": 1194,
    "88": 1148,
    "89": 1110,
    "90": 1113,
    "91": 985
  }
}