{
  "metadata": {
    "tool_name": "DamageProfiler",
    "version": "1.1",
    "sample_name": "RxA020.ReedbuckBh_Human_nc.Target.rmdup.noMicro.bam"
  },
  "lendist_fw": {
    "30": 379,
    "31": 243,
    "32": 192,
    "33": 183,
    "34": 174,
    "35": 186,
    "36": 164,
    "37": 171,
    "38": 168,
    "39": 163,
    "40": 174,
    "41": 196,
    "42": 195,
    "43": 185,
    "44": 166,
    "45": 164,
    "46": 174,
    "47": 157,
    "48": 153,
    "49": 172,
    "50": 162,
    "51": 166,
    "52": 143,
    "53": 157,
    "54": 134,
    "55": 124,
    "56": 123,
    "57": 119,
    "58": 121,
    "59": 97,
    "60": 91,
    "61": 91,
    "62": 100,
    "63": 103,
    "64": 93,
    "65": 80,
    "66": 69,
    "67": 72,
    "68": 63,
    "69": 65,
    "70": 54,
    "71": 51,
    "72": 53,
    "73": 43,
    "74": 49,
    "75": 47,
    "76": 46,
    "77": 37,
    "78": 34,
    "79": 27,
    "80": 44,
    "81": 30,
    "82": 20,
    "83": 21,
    "84": 28,
    "85": 21,
    "86": 20,
    "87": 17,
    "88": 26,
    "89": 18,
    "90": 17,
    "91": 16
  },
  "dmg_5p": [
    0.05382315249893208,
    0.02415702063412179,
    0.020229885057471263,
    0.010738255033557046,
    0.014758497316636851,
    0.014143094841930116,
    0.01314116150911403,
    0.01235657546337158,
    0.016577060931899642,
    0.012345679012345678,
    0.019124521886952826,
    0.011192423590185106,
    0.01072041166380789,
    0.011175496688741722,
    0.009361009361009361,
    0.011740041928721174,
    0.013230900554844216,
    0.010309278350515464,
    0.015963978714695046,
    0.014900662251655629,
    0.014303228442991417,
    0.009472817133443162,
    0.01732473811442385,
    0.01272264631043257,
    0.008845829823083403
  ],
  "summary_stats": {
    "std": 14.790407401370368,
    "median": 47.0,
    "mean_readlength": 49.56752701080458
  },
  "dmg_3p": [
    0.029623698959167333,
    0.03502747252747253,
    0.016877637130801686,
    0.017876489707475622,
    0.018962075848303395,
    0.012879484820607176,
    0.009725906277630416,
    0.014598540145985401,
    0.010577346848832084,
    0.010101010101010102,
    0.010512483574244415,
    0.01020408163265306,
    0.012814645308924484,
    0.009214567792891619,
    0.009349766255843604,
    0.008849557522123894,
    0.00864815657715066,
    0.011063829787234043,
    0.01148936170212766,
    0.007975188303057155,
    0.008951406649616368,
    0.009950248756218905,
    0.010096760622633571,
    0.012610340479192938,
    0.005037783375314861
  ],
  "lendist_rv": {
    "30": 392,
    "31": 239,
    "32": 163,
    "33": 173,
    "34": 141,
    "35": 171,
    "36": 149,
    "37": 173,
    "38": 156,
    "39": 172,
    "40": 169,
    "41": 158,
    "42": 196,
    "43": 179,
    "44": 174,
    "45": 155,
    "46": 171,
    "47": 183,
    "48": 157,
    "49": 174,
    "50": 197,
    "51": 157,
    "52": 137,
    "53": 144,
    "54": 135,
    "55": 127,
    "56": 116,
    "57": 112,
    "58": 105,
    "59": 114,
    "60": 112,
    "61": 91,
    "62": 79,
    "63": 100,
    "64": 66,
    "65": 73,
    "66": 64,
    "67": 69,
    "68": 65,
    "69": 44,
    "70": 67,
    "71": 55,
    "72": 53,
    "73": 53,
    "74": 52,
    "75": 46,
    "76": 37,
    "77": 38,
    "78": 34,
    "79": 41,
    "80": 33,
    "81": 35,
    "82": 31,
    "83": 31,
    "84": 33,
    "85": 37,
    "86": 20,
    "87": 23,
    "88": 19,
    "89": 21,
    "90": 26,
    "91": 16
  }
}