{
  "metadata": {
    "tool_name": "DamageProfiler",
    "version": "1.1",
    "sample_name": "RmA052.GrysbokCape_Human_nc.Target.rmdup.noMicro.bam"
  },
  "lendist_fw": {
    "30": 185,
    "31": 115,
    "32": 78,
    "33": 47,
    "34": 55,
    "35": 50,
    "36": 73,
    "37": 55,
    "38": 44,
    "39": 43,
    "40": 34,
    "41": 46,
    "42": 53,
    "43": 36,
    "44": 50,
    "45": 36,
    "46": 27,
    "47": 39,
    "48": 23,
    "49": 30,
    "50": 18,
    "51": 21,
    "52": 20,
    "53": 17,
    "54": 18,
    "55": 15,
    "56": 16,
    "57": 16,
    "58": 15,
    "59": 15,
    "60": 8,
    "61": 7,
    "62": 12,
    "63": 4,
    "64": 10,
    "65": 9,
    "66": 6,
    "67": 8,
    "68": 4,
    "69": 9,
    "70": 4,
    "71": 4,
    "72": 5,
    "73": 4,
    "74": 1,
    "75": 1,
    "76": 5,
    "77": 3,
    "78": 2,
    "79": 1,
    "80": 1,
    "81": 2,
    "82": 2,
    "83": 1,
    "84": 2,
    "85": 1,
    "86": 1,
    "88": 1
  },
  "dmg_5p": [
    0.08863198458574181,
    0.008583690987124463,
    0.010889292196007259,
    0.005338078291814947,
    0.007462686567164179,
    0.009727626459143969,
    0.001968503937007874,
    0.008281573498964804,
    0.006396588486140725,
    0.00202020202020202,
    0.0,
    0.011450381679389313,
    0.0018796992481203006,
    0.011131725417439703,
    0.003703703703703704,
    0.009689922480620155,
    0.0074211502782931356,
    0.00597609561752988,
    0.0019230769230769232,
    0.009596928982725527,
    0.002044989775051125,
    0.003883495145631068,
    0.001949317738791423,
    0.01338432122370937,
    0.002044989775051125
  ],
  "summary_stats": {
    "std": 11.861348956735709,
    "median": 39.0,
    "mean_readlength": 41.97489823609209
  },
  "dmg_3p": [
    0.03214285714285714,
    0.014577259475218658,
    0.011312217194570135,
    0.0021008403361344537,
    0.008988764044943821,
    0.004246284501061571,
    0.002127659574468085,
    0.002136752136752137,
    0.013363028953229399,
    0.00199203187250996,
    0.014,
    0.0021551724137931034,
    0.004123711340206186,
    0.0041841004184100415,
    0.002070393374741201,
    0.006802721088435374,
    0.008888888888888889,
    0.009823182711198428,
    0.0021598272138228943,
    0.002207505518763797,
    0.006122448979591836,
    0.0,
    0.0041841004184100415,
    0.005758157389635317,
    0.004149377593360996
  ],
  "lendist_rv": {
    "30": 209,
    "31": 127,
    "32": 66,
    "33": 50,
    "34": 57,
    "35": 58,
    "36": 58,
    "37": 37,
    "38": 46,
    "39": 53,
    "40": 54,
    "41": 47,
    "42": 39,
    "43": 44,
    "44": 42,
    "45": 33,
    "46": 40,
    "47": 39,
    "48": 29,
    "49": 34,
    "50": 32,
    "51": 21,
    "52": 18,
    "53": 18,
    "54": 19,
    "55": 19,
    "56": 16,
    "57": 7,
    "58": 11,
    "59": 8,
    "60": 6,
    "61": 8,
    "62": 8,
    "63": 4,
    "64": 13,
    "65": 1,
    "66": 7,
    "67": 6,
    "68": 4,
    "69": 2,
    "70": 3,
    "71": 2,
    "72": 3,
    "73": 6,
    "74": 2,
    "75": 2,
    "76": 4,
    "78": 2,
    "79": 2,
    "81": 2,
    "82": 2,
    "83": 1,
    "85": 1,
    "86": 1,
    "90": 2,
    "91": 1
  }
}