{
  "metadata": {
    "tool_name": "DamageProfiler",
    "version": "1.1",
    "sample_name": "PaA014.BuffaloCape_Human_nc.Target.rmdup.noMicro.bam"
  },
  "lendist_fw": {
    "30": 620,
    "31": 601,
    "32": 594,
    "33": 571,
    "34": 586,
    "35": 518,
    "36": 510,
    "37": 508,
    "38": 471,
    "39": 399,
    "40": 427,
    "41": 385,
    "42": 336,
    "43": 312,
    "44": 309,
    "45": 300,
    "46": 301,
    "47": 247,
    "48": 216,
    "49": 231,
    "50": 239,
    "51": 196,
    "52": 174,
    "53": 156,
    "54": 181,
    "55": 138,
    "56": 155,
    "57": 121,
    "58": 130,
    "59": 114,
    "60": 102,
    "61": 106,
    "62": 99,
    "63": 78,
    "64": 72,
    "65": 82,
    "66": 76,
    "67": 61,
    "68": 61,
    "69": 56,
    "70": 74,
    "71": 58,
    "72": 56,
    "73": 48,
    "74": 51,
    "75": 39,
    "76": 46,
    "77": 31,
    "78": 36,
    "79": 46,
    "80": 29,
    "81": 26,
    "82": 26,
    "83": 23,
    "84": 18,
    "85": 19,
    "86": 23,
    "87": 18,
    "88": 15,
    "89": 20,
    "90": 23,
    "91": 13
  },
  "dmg_5p": [
    0.13416815742397137,
    0.020774845592363842,
    0.01566324033284386,
    0.011881188118811881,
    0.0074091778202676865,
    0.010488676996424315,
    0.007380952380952381,
    0.007329587099926704,
    0.009724857685009488,
    0.010353960992053936,
    0.009373571101966164,
    0.006780453588964227,
    0.007875839703497799,
    0.008454673555659934,
    0.007307873644507308,
    0.007103574702108158,
    0.006893382352941176,
    0.004628558204119417,
    0.0067052023121387284,
    0.0065116279069767444,
    0.004912280701754386,
    0.010392064241851677,
    0.00906765868402697,
    0.009665252239509665,
    0.007718282682103232
  ],
  "summary_stats": {
    "std": 12.998095933583226,
    "median": 40.0,
    "mean_readlength": 44.26686395682756
  },
  "dmg_3p": [
    0.018525665766113468,
    0.01124961994527212,
    0.011879049676025918,
    0.01242571582928147,
    0.008362557323981657,
    0.009686464440479225,
    0.008886565603763722,
    0.005132152938157557,
    0.008148714031066972,
    0.009550851832731027,
    0.006094464195022855,
    0.005595116988809766,
    0.007313997477931904,
    0.007643312101910828,
    0.0071228694988552535,
    0.007594936708860759,
    0.008874239350912779,
    0.006099110546378653,
    0.007832238504295099,
    0.008205128205128205,
    0.007051120624527827,
    0.008365019011406844,
    0.005398457583547558,
    0.00802608477552044,
    0.00776358627598297
  ],
  "lendist_rv": {
    "30": 617,
    "31": 592,
    "32": 621,
    "33": 588,
    "34": 516,
    "35": 549,
    "36": 461,
    "37": 504,
    "38": 474,
    "39": 467,
    "40": 398,
    "41": 345,
    "42": 329,
    "43": 310,
    "44": 296,
    "45": 300,
    "46": 255,
    "47": 243,
    "48": 225,
    "49": 199,
    "50": 218,
    "51": 181,
    "52": 178,
    "53": 151,
    "54": 174,
    "55": 163,
    "56": 129,
    "57": 122,
    "58": 138,
    "59": 102,
    "60": 116,
    "61": 104,
    "62": 85,
    "63": 76,
    "64": 65,
    "65": 64,
    "66": 72,
    "67": 65,
    "68": 65,
    "69": 48,
    "70": 67,
    "71": 45,
    "72": 50,
    "73": 43,
    "74": 44,
    "75": 36,
    "76": 33,
    "77": 35,
    "78": 32,
    "79": 37,
    "80": 22,
    "81": 26,
    "82": 29,
    "83": 23,
    "84": 19,
    "85": 14,
    "86": 16,
    "87": 24,
    "88": 19,
    "89": 22,
    "90": 17,
    "91": 19
  }
}