{
  "metadata": {
    "tool_name": "DamageProfiler",
    "version": "1.1",
    "sample_name": "PaA012.BuffaloCape_Human_nc.Target.rmdup.noMicro.bam"
  },
  "lendist_fw": {
    "32": 2,
    "49": 1,
    "34": 2,
    "35": 2,
    "36": 2,
    "41": 1,
    "59": 1,
    "30": 10,
    "94": 1,
    "31": 8,
    "159": 1
  },
  "dmg_5p": [
    0.0,
    0.0,
    0.0,
    0.1111111111111111,
    0.08333333333333333,
    0.0,
    0.06666666666666667,
    0.0,
    0.0,
    0.0,
    0.0,
    0.0,
    0.0625,
    0.0,
    0.0,
    0.0,
    0.0,
    0.05263157894736842,
    0.0,
    0.0,
    0.0,
    0.14285714285714285,
    0.058823529411764705,
    0.045454545454545456,
    0.14285714285714285
  ],
  "summary_stats": {
    "std": 28.37403427247388,
    "median": 31.0,
    "mean_readlength": 42.75
  },
  "dmg_3p": [
    0.0,
    0.0,
    0.08333333333333333,
    0.0,
    0.0,
    0.07142857142857142,
    0.0,
    0.09090909090909091,
    0.0,
    0.125,
    0.0625,
    0.0,
    0.0,
    0.0,
    0.07692307692307693,
    0.0,
    0.0,
    0.0,
    0.0,
    0.0,
    0.0,
    0.0,
    0.0,
    0.0,
    0.0
  ],
  "lendist_rv": {
    "32": 1,
    "33": 1,
    "34": 2,
    "82": 1,
    "117": 1,
    "30": 11,
    "31": 2
  }
}