{
  "metadata": {
    "tool_name": "DamageProfiler",
    "version": "1.1",
    "sample_name": "PaA027.BuffaloCape_Human_nc.Target.rmdup.noMicro.bam"
  },
  "lendist_fw": {
    "32": 45,
    "33": 13,
    "65": 2,
    "34": 9,
    "35": 8,
    "36": 5,
    "37": 2,
    "41": 1,
    "42": 1,
    "48": 1,
    "52": 1,
    "30": 296,
    "31": 112
  },
  "dmg_5p": [
    0.02,
    0.04390243902439024,
    0.024875621890547265,
    0.004761904761904762,
    0.00980392156862745,
    0.0425531914893617,
    0.013452914798206279,
    0.02617801047120419,
    0.02654867256637168,
    0.02040816326530612,
    0.019704433497536946,
    0.020512820512820513,
    0.020512820512820513,
    0.019138755980861243,
    0.027149321266968326,
    0.03553299492385787,
    0.031914893617021274,
    0.01818181818181818,
    0.04225352112676056,
    0.02843601895734597,
    0.024096385542168676,
    0.016304347826086956,
    0.017857142857142856,
    0.010416666666666666,
    0.038834951456310676
  ],
  "summary_stats": {
    "std": 3.1327183370908402,
    "median": 30.0,
    "mean_readlength": 31.17403314917127
  },
  "dmg_3p": [
    0.07518796992481203,
    0.05263157894736842,
    0.013333333333333334,
    0.023809523809523808,
    0.018292682926829267,
    0.03910614525139665,
    0.011299435028248588,
    0.03763440860215054,
    0.027932960893854747,
    0.015,
    0.024242424242424242,
    0.030456852791878174,
    0.0064516129032258064,
    0.031914893617021274,
    0.021621621621621623,
    0.04838709677419355,
    0.04864864864864865,
    0.041025641025641026,
    0.022727272727272728,
    0.0446927374301676,
    0.046242774566473986,
    0.019230769230769232,
    0.010638297872340425,
    0.014778325123152709,
    0.023696682464454975
  ],
  "lendist_rv": {
    "32": 55,
    "33": 18,
    "34": 9,
    "35": 4,
    "36": 6,
    "39": 2,
    "41": 2,
    "42": 1,
    "45": 1,
    "50": 1,
    "51": 1,
    "53": 1,
    "30": 326,
    "31": 136
  }
}