{
  "metadata": {
    "tool_name": "DamageProfiler",
    "version": "1.1",
    "sample_name": "RxA003.ReedbuckBh_Human_nc.Target.rmdup.noMicro.bam"
  },
  "lendist_fw": {
    "65": 2,
    "68": 1,
    "69": 1,
    "72": 2,
    "78": 2,
    "79": 1,
    "91": 1,
    "30": 273,
    "31": 118,
    "32": 52,
    "33": 22,
    "34": 18,
    "35": 15,
    "36": 11,
    "37": 6,
    "38": 8,
    "39": 7,
    "40": 8,
    "41": 8,
    "42": 11,
    "43": 5,
    "44": 4,
    "45": 6,
    "46": 1,
    "47": 5,
    "48": 6,
    "49": 2,
    "50": 2,
    "51": 2,
    "52": 5,
    "53": 2,
    "54": 1,
    "55": 3,
    "56": 3,
    "57": 3,
    "58": 2,
    "59": 3,
    "60": 1,
    "61": 3,
    "62": 1,
    "63": 1
  },
  "dmg_5p": [
    0.008849557522123894,
    0.03755868544600939,
    0.030434782608695653,
    0.02734375,
    0.03018867924528302,
    0.026022304832713755,
    0.00847457627118644,
    0.051587301587301584,
    0.014423076923076924,
    0.019704433497536946,
    0.025423728813559324,
    0.008771929824561403,
    0.016129032258064516,
    0.034782608695652174,
    0.032520325203252036,
    0.02631578947368421,
    0.04602510460251046,
    0.022026431718061675,
    0.025,
    0.038910505836575876,
    0.017241379310344827,
    0.04326923076923077,
    0.026905829596412557,
    0.04090909090909091,
    0.021551724137931036
  ],
  "summary_stats": {
    "std": 11.633065249275612,
    "median": 31.0,
    "mean_readlength": 35.6632047477745
  },
  "dmg_3p": [
    0.03734439834024896,
    0.036036036036036036,
    0.020242914979757085,
    0.03361344537815126,
    0.04201680672268908,
    0.04583333333333333,
    0.05128205128205128,
    0.036585365853658534,
    0.04405286343612335,
    0.032,
    0.0375,
    0.04291845493562232,
    0.045662100456621,
    0.04201680672268908,
    0.027559055118110236,
    0.036885245901639344,
    0.02092050209205021,
    0.0273972602739726,
    0.021367521367521368,
    0.022388059701492536,
    0.01532567049808429,
    0.025974025974025976,
    0.045454545454545456,
    0.01293103448275862,
    0.03347280334728033
  ],
  "lendist_rv": {
    "64": 3,
    "65": 1,
    "66": 2,
    "67": 1,
    "68": 1,
    "71": 1,
    "137": 1,
    "76": 1,
    "91": 1,
    "30": 278,
    "31": 118,
    "32": 55,
    "96": 1,
    "33": 19,
    "34": 17,
    "35": 10,
    "36": 19,
    "37": 8,
    "165": 1,
    "38": 11,
    "39": 2,
    "40": 8,
    "41": 6,
    "42": 6,
    "43": 4,
    "44": 8,
    "45": 7,
    "46": 4,
    "47": 3,
    "48": 4,
    "49": 5,
    "50": 4,
    "51": 4,
    "52": 5,
    "53": 1,
    "54": 2,
    "55": 1,
    "56": 2,
    "57": 1,
    "58": 2,
    "59": 4,
    "61": 2,
    "62": 2
  }
}