{
  "metadata": {
    "tool_name": "DamageProfiler",
    "version": "1.1",
    "sample_name": "ScA009.BuffaloCape_Human_nc.Target.rmdup.noMicro_BEST_018.bam"
  },
  "lendist_fw": {
    "32": 24,
    "33": 12,
    "35": 1,
    "37": 2,
    "101": 1,
    "73": 1,
    "137": 1,
    "77": 1,
    "30": 274,
    "31": 89
  },
  "dmg_5p": [
    0.008982035928143712,
    0.011450381679389313,
    0.008849557522123894,
    0.0055248618784530384,
    0.014134275618374558,
    0.003367003367003367,
    0.007168458781362007,
    0.024096385542168676,
    0.013157894736842105,
    0.0219435736677116,
    0.013245033112582781,
    0.006389776357827476,
    0.01644736842105263,
    0.003134796238244514,
    0.012698412698412698,
    0.010033444816053512,
    0.006172839506172839,
    0.0136986301369863,
    0.013513513513513514,
    0.01567398119122257,
    0.0064516129032258064,
    0.003401360544217687,
    0.01060070671378092,
    0.012307692307692308,
    0.0
  ],
  "summary_stats": {
    "std": 7.4779148022145865,
    "median": 30.0,
    "mean_readlength": 31.41176470588235
  },
  "dmg_3p": [
    0.009202453987730062,
    0.006734006734006734,
    0.0,
    0.005633802816901409,
    0.006430868167202572,
    0.006802721088435374,
    0.010869565217391304,
    0.006779661016949152,
    0.0030959752321981426,
    0.009836065573770493,
    0.011494252873563218,
    0.012698412698412698,
    0.009771986970684038,
    0.0196078431372549,
    0.006230529595015576,
    0.006211180124223602,
    0.013986013986013986,
    0.006622516556291391,
    0.013157894736842105,
    0.024475524475524476,
    0.013468013468013467,
    0.010067114093959731,
    0.0037174721189591076,
    0.016025641025641024,
    0.016556291390728478
  ],
  "lendist_rv": {
    "32": 23,
    "33": 14,
    "34": 5,
    "35": 2,
    "36": 1,
    "40": 1,
    "60": 1,
    "30": 232,
    "62": 1,
    "31": 93
  }
}