{
  "metadata": {
    "tool_name": "DamageProfiler",
    "version": "1.1",
    "sample_name": "PaA024.BuffaloCape_Human_nc.Target.rmdup.noMicro.bam"
  },
  "lendist_fw": {
    "32": 39,
    "33": 24,
    "34": 14,
    "66": 1,
    "35": 4,
    "36": 4,
    "37": 6,
    "69": 1,
    "39": 1,
    "41": 2,
    "42": 4,
    "76": 1,
    "46": 1,
    "50": 1,
    "56": 2,
    "30": 268,
    "31": 109
  },
  "dmg_5p": [
    0.043478260869565216,
    0.017543859649122806,
    0.026881720430107527,
    0.03468208092485549,
    0.0053475935828877,
    0.005847953216374269,
    0.041237113402061855,
    0.031746031746031744,
    0.010810810810810811,
    0.02040816326530612,
    0.03409090909090909,
    0.015306122448979591,
    0.027624309392265192,
    0.005128205128205128,
    0.0392156862745098,
    0.026737967914438502,
    0.03125,
    0.01775147928994083,
    0.0273224043715847,
    0.01875,
    0.005780346820809248,
    0.03468208092485549,
    0.024096385542168676,
    0.02185792349726776,
    0.015706806282722512
  ],
  "summary_stats": {
    "std": 5.4687355853155415,
    "median": 30.0,
    "mean_readlength": 31.852705410821656
  },
  "dmg_3p": [
    0.09448818897637795,
    0.027586206896551724,
    0.02976190476190476,
    0.024242424242424242,
    0.013071895424836602,
    0.0410958904109589,
    0.05521472392638037,
    0.062146892655367235,
    0.021052631578947368,
    0.05056179775280899,
    0.040229885057471264,
    0.024096385542168676,
    0.012658227848101266,
    0.011695906432748537,
    0.012422360248447204,
    0.030864197530864196,
    0.02631578947368421,
    0.022988505747126436,
    0.02247191011235955,
    0.05,
    0.02824858757062147,
    0.024390243902439025,
    0.020134228187919462,
    0.018404907975460124,
    0.03389830508474576
  ],
  "lendist_rv": {
    "32": 50,
    "33": 18,
    "34": 8,
    "35": 6,
    "36": 5,
    "37": 1,
    "38": 2,
    "39": 2,
    "42": 2,
    "43": 1,
    "44": 1,
    "46": 1,
    "79": 1,
    "49": 1,
    "85": 1,
    "55": 1,
    "56": 1,
    "30": 263,
    "31": 115
  }
}