{
  "metadata": {
    "tool_name": "DamageProfiler",
    "version": "1.1",
    "sample_name": "RmA032.GrysbokCape_Human_nc.Target.rmdup.noMicro.bam"
  },
  "lendist_fw": {
    "30": 240,
    "31": 225,
    "32": 196,
    "33": 221,
    "34": 210,
    "35": 192,
    "36": 164,
    "37": 134,
    "38": 130,
    "39": 127,
    "40": 108,
    "41": 88,
    "42": 100,
    "43": 95,
    "44": 77,
    "45": 82,
    "46": 73,
    "47": 59,
    "48": 56,
    "49": 52,
    "50": 59,
    "51": 42,
    "52": 41,
    "53": 36,
    "54": 27,
    "55": 38,
    "56": 27,
    "57": 19,
    "58": 24,
    "59": 23,
    "60": 26,
    "61": 24,
    "62": 22,
    "63": 21,
    "64": 22,
    "65": 17,
    "66": 12,
    "67": 7,
    "68": 10,
    "69": 11,
    "70": 12,
    "71": 12,
    "72": 12,
    "73": 12,
    "74": 10,
    "75": 6,
    "76": 5,
    "77": 2,
    "78": 7,
    "79": 6,
    "80": 4,
    "81": 10,
    "82": 5,
    "83": 4,
    "84": 6,
    "85": 6,
    "86": 5,
    "87": 5,
    "88": 3,
    "89": 5,
    "90": 4,
    "91": 3
  },
  "dmg_5p": [
    0.03187250996015936,
    0.017634854771784232,
    0.015971606033717833,
    0.00676818950930626,
    0.005582137161084529,
    0.010620915032679739,
    0.00657354149548069,
    0.004842615012106538,
    0.00247320692497939,
    0.004074979625101874,
    0.0,
    0.0015661707126076742,
    0.005568814638027049,
    7.84313725490196E-4,
    0.003968253968253968,
    0.0015515903801396431,
    0.0015748031496062992,
    0.003971405877680699,
    0.003167062549485352,
    0.0033003300330033004,
    0.004728132387706856,
    0.004962779156327543,
    0.0038284839203675345,
    0.003278688524590164,
    0.0016051364365971107
  ],
  "summary_stats": {
    "std": 12.160910470256681,
    "median": 38.0,
    "mean_readlength": 42.03928891544691
  },
  "dmg_3p": [
    0.010123734533183352,
    0.004770992366412214,
    0.003401360544217687,
    0.002407704654895666,
    0.003878975950349108,
    0.0032599837000814994,
    0.001589825119236884,
    0.001520912547528517,
    0.0024,
    0.0025020850708924102,
    0.0032310177705977385,
    0.0024630541871921183,
    0.005636070853462158,
    7.993605115907274E-4,
    0.002407704654895666,
    0.001583531274742676,
    0.0016906170752324597,
    0.0,
    0.001584786053882726,
    0.0,
    0.003367003367003367,
    8.077544426494346E-4,
    0.00234192037470726,
    0.001589825119236884,
    7.8003120124805E-4
  ],
  "lendist_rv": {
    "30": 270,
    "31": 215,
    "32": 211,
    "33": 193,
    "34": 206,
    "35": 154,
    "36": 166,
    "37": 160,
    "38": 139,
    "39": 119,
    "40": 95,
    "41": 108,
    "42": 120,
    "43": 105,
    "44": 83,
    "45": 81,
    "46": 78,
    "47": 63,
    "48": 64,
    "49": 55,
    "50": 53,
    "51": 39,
    "52": 34,
    "53": 33,
    "54": 36,
    "55": 29,
    "56": 33,
    "57": 23,
    "58": 23,
    "59": 20,
    "60": 21,
    "61": 23,
    "62": 15,
    "63": 10,
    "64": 15,
    "65": 10,
    "66": 13,
    "67": 11,
    "68": 17,
    "69": 13,
    "70": 11,
    "71": 12,
    "72": 11,
    "73": 7,
    "74": 6,
    "75": 7,
    "76": 12,
    "77": 6,
    "78": 8,
    "79": 7,
    "80": 5,
    "81": 2,
    "82": 6,
    "83": 9,
    "84": 4,
    "85": 2,
    "86": 4,
    "87": 4,
    "88": 3,
    "89": 4,
    "90": 2,
    "91": 1
  }
}