{
  "metadata": {
    "tool_name": "DamageProfiler",
    "version": "1.1",
    "sample_name": "PcA014.ReedbuckBh_Human_nc.Target.rmdup.noMicro.bam"
  },
  "lendist_fw": {
    "30": 196,
    "31": 109,
    "32": 52,
    "33": 25,
    "34": 32,
    "35": 35,
    "36": 34,
    "37": 32,
    "38": 22,
    "39": 27,
    "40": 34,
    "41": 29,
    "42": 24,
    "43": 30,
    "44": 22,
    "45": 24,
    "46": 22,
    "47": 29,
    "48": 24,
    "49": 27,
    "50": 21,
    "51": 18,
    "52": 14,
    "53": 20,
    "54": 12,
    "55": 21,
    "56": 20,
    "57": 15,
    "58": 16,
    "59": 7,
    "60": 22,
    "61": 7,
    "62": 14,
    "63": 8,
    "64": 13,
    "65": 8,
    "66": 7,
    "67": 7,
    "68": 7,
    "69": 4,
    "70": 10,
    "71": 4,
    "72": 7,
    "73": 5,
    "74": 9,
    "75": 6,
    "76": 5,
    "77": 3,
    "78": 3,
    "79": 5,
    "80": 4,
    "81": 4,
    "82": 1,
    "83": 4,
    "84": 4,
    "85": 1,
    "86": 2,
    "87": 4,
    "88": 2,
    "89": 4,
    "90": 2,
    "91": 3
  },
  "dmg_5p": [
    0.050955414012738856,
    0.019704433497536946,
    0.024271844660194174,
    0.009876543209876543,
    0.022779043280182234,
    0.031180400890868598,
    0.02278481012658228,
    0.036458333333333336,
    0.023696682464454975,
    0.012224938875305624,
    0.02406417112299465,
    0.014814814814814815,
    0.011389521640091117,
    0.017817371937639197,
    0.013953488372093023,
    0.028824833702882482,
    0.016241299303944315,
    0.022988505747126436,
    0.029082774049217,
    0.01485148514851485,
    0.0170316301703163,
    0.03051643192488263,
    0.012315270935960592,
    0.02403846153846154,
    0.01805869074492099
  ],
  "summary_stats": {
    "std": 14.860929769556463,
    "median": 41.0,
    "mean_readlength": 44.97107271996773
  },
  "dmg_3p": [
    0.04363636363636364,
    0.01488095238095238,
    0.0275,
    0.028871391076115485,
    0.022058823529411766,
    0.04591836734693878,
    0.01715686274509804,
    0.011904761904761904,
    0.02570093457943925,
    0.014925373134328358,
    0.021231422505307854,
    0.019522776572668113,
    0.020642201834862386,
    0.01288659793814433,
    0.015037593984962405,
    0.016666666666666666,
    0.02112676056338028,
    0.02403846153846154,
    0.016166281755196306,
    0.014492753623188406,
    0.0350109409190372,
    0.01762114537444934,
    0.01809954751131222,
    0.019693654266958426,
    0.020179372197309416
  ],
  "lendist_rv": {
    "30": 194,
    "31": 89,
    "32": 62,
    "33": 37,
    "34": 37,
    "35": 25,
    "36": 25,
    "37": 34,
    "38": 40,
    "39": 30,
    "40": 26,
    "41": 26,
    "42": 29,
    "43": 27,
    "44": 27,
    "45": 27,
    "46": 28,
    "47": 20,
    "48": 34,
    "49": 22,
    "50": 18,
    "51": 10,
    "52": 20,
    "53": 15,
    "54": 21,
    "55": 16,
    "56": 17,
    "57": 17,
    "58": 16,
    "59": 14,
    "60": 11,
    "61": 17,
    "62": 19,
    "63": 4,
    "64": 6,
    "65": 7,
    "66": 8,
    "67": 11,
    "68": 5,
    "69": 9,
    "70": 6,
    "71": 10,
    "72": 5,
    "73": 6,
    "74": 6,
    "75": 7,
    "76": 4,
    "77": 6,
    "78": 1,
    "79": 6,
    "80": 5,
    "81": 2,
    "82": 2,
    "83": 2,
    "84": 5,
    "85": 3,
    "86": 4,
    "87": 3,
    "89": 1,
    "91": 1
  }
}