{
  "metadata": {
    "tool_name": "DamageProfiler",
    "version": "1.1",
    "sample_name": "RmA038.GrysbokCape_Human_nc.Target.rmdup.noMicro.bam"
  },
  "lendist_fw": {
    "30": 2957,
    "31": 3012,
    "32": 2965,
    "33": 3014,
    "34": 3089,
    "35": 3124,
    "36": 2998,
    "37": 3094,
    "38": 3191,
    "39": 3250,
    "40": 3159,
    "41": 3138,
    "42": 3080,
    "43": 2998,
    "44": 2971,
    "45": 2799,
    "46": 2703,
    "47": 2626,
    "48": 2560,
    "49": 2484,
    "50": 2501,
    "51": 2380,
    "52": 2267,
    "53": 2216,
    "54": 2099,
    "55": 2044,
    "56": 1903,
    "57": 1849,
    "58": 1687,
    "59": 1672,
    "60": 1637,
    "61": 1649,
    "62": 1448,
    "63": 1376,
    "64": 1315,
    "65": 1290,
    "66": 1200,
    "67": 1090,
    "68": 1060,
    "69": 918,
    "70": 973,
    "71": 903,
    "72": 848,
    "73": 824,
    "74": 775,
    "75": 710,
    "76": 684,
    "77": 659,
    "78": 658,
    "79": 595,
    "80": 592,
    "81": 567,
    "82": 497,
    "83": 515,
    "84": 462,
    "85": 432,
    "86": 422,
    "87": 378,
    "88": 344,
    "89": 354,
    "90": 316,
    "91": 289
  },
  "dmg_5p": [
    0.01811524378492966,
    0.011243510772789627,
    0.006584145377929945,
    0.005304659498207885,
    0.0036726128016789086,
    0.0029433583000311086,
    0.00304893041553971,
    0.00315884476534296,
    0.0026768068446201185,
    0.002351673117436676,
    0.0021030748404563915,
    0.002736372146611939,
    0.0019177753805585522,
    0.0019408054342552159,
    0.0025164769322947875,
    0.0020104641023156672,
    0.0024098708309234626,
    0.002057859347706444,
    0.0020388349514563107,
    0.001712700518634664,
    0.0022553865348625174,
    0.002285992217898833,
    0.0020805796250061193,
    0.002205205253719769,
    0.0024422091111326047
  ],
  "summary_stats": {
    "std": 14.649608092003167,
    "median": 47.0,
    "mean_readlength": 49.92766457903332
  },
  "dmg_3p": [
    0.014211346278071208,
    0.009590510442299199,
    0.006068232662192394,
    0.0036440770151202,
    0.0030846659631463594,
    0.0026682013184053575,
    0.0019118482922544308,
    0.0019283956255867652,
    0.0018515230679483604,
    0.0016659935379644587,
    0.0018107163806074826,
    0.0019278575414743036,
    0.0019211065573770491,
    0.0016329029953564321,
    0.0019549597582958845,
    0.0015272616199154916,
    0.0013292093760384448,
    0.0015966748612413514,
    0.0017767399360373623,
    0.0020364550597108738,
    0.001726414136285163,
    0.0020478689363880712,
    0.0023084025854108957,
    0.001544147428108546,
    0.0014944654119911853
  ],
  "lendist_rv": {
    "30": 2903,
    "31": 2967,
    "32": 3040,
    "33": 3019,
    "34": 3097,
    "35": 3146,
    "36": 3163,
    "37": 3088,
    "38": 3236,
    "39": 3187,
    "40": 3266,
    "41": 3126,
    "42": 3097,
    "43": 3071,
    "44": 2911,
    "45": 2746,
    "46": 2716,
    "47": 2704,
    "48": 2541,
    "49": 2538,
    "50": 2470,
    "51": 2462,
    "52": 2299,
    "53": 2212,
    "54": 2068,
    "55": 1980,
    "56": 1863,
    "57": 1882,
    "58": 1756,
    "59": 1610,
    "60": 1620,
    "61": 1618,
    "62": 1446,
    "63": 1423,
    "64": 1312,
    "65": 1186,
    "66": 1166,
    "67": 1100,
    "68": 1030,
    "69": 1017,
    "70": 962,
    "71": 916,
    "72": 814,
    "73": 854,
    "74": 761,
    "75": 795,
    "76": 774,
    "77": 720,
    "78": 632,
    "79": 692,
    "80": 584,
    "81": 519,
    "82": 532,
    "83": 468,
    "84": 427,
    "85": 435,
    "86": 375,
    "87": 400,
    "88": 338,
    "89": 325,
    "90": 289,
    "91": 294
  }
}