{
  "metadata": {
    "tool_name": "DamageProfiler",
    "version": "1.1",
    "sample_name": "ToA036.ElandCommon_Human_nc.Target.rmdup.noMicro.bam"
  },
  "lendist_fw": {
    "32": 21,
    "64": 1,
    "33": 15,
    "34": 6,
    "35": 4,
    "36": 2,
    "37": 2,
    "38": 2,
    "40": 3,
    "42": 2,
    "43": 1,
    "44": 2,
    "45": 1,
    "46": 1,
    "48": 1,
    "80": 1,
    "52": 2,
    "86": 1,
    "30": 144,
    "62": 1,
    "31": 67
  },
  "dmg_5p": [
    0.047619047619047616,
    0.03773584905660377,
    0.01020408163265306,
    0.009523809523809525,
    0.01694915254237288,
    0.0196078431372549,
    0.011764705882352941,
    0.010309278350515464,
    0.02127659574468085,
    0.04,
    0.01,
    0.06363636363636363,
    0.02127659574468085,
    0.024390243902439025,
    0.023255813953488372,
    0.010752688172043012,
    0.023529411764705882,
    0.010526315789473684,
    0.020618556701030927,
    0.049019607843137254,
    0.010526315789473684,
    0.009433962264150943,
    0.0,
    0.018518518518518517,
    0.010869565217391304
  ],
  "summary_stats": {
    "std": 7.498623686582319,
    "median": 31.0,
    "mean_readlength": 32.9204152249135
  },
  "dmg_3p": [
    0.047619047619047616,
    0.05063291139240506,
    0.033707865168539325,
    0.013513513513513514,
    0.009708737864077669,
    0.013888888888888888,
    0.02666666666666667,
    0.011494252873563218,
    0.036585365853658534,
    0.025,
    0.015151515151515152,
    0.010752688172043012,
    0.036585365853658534,
    0.038461538461538464,
    0.02247191011235955,
    0.020618556701030927,
    0.02531645569620253,
    0.03529411764705882,
    0.02197802197802198,
    0.034482758620689655,
    0.021739130434782608,
    0.023529411764705882,
    0.03488372093023256,
    0.04040404040404041,
    0.030303030303030304
  ],
  "lendist_rv": {
    "32": 30,
    "33": 11,
    "34": 8,
    "35": 5,
    "36": 5,
    "68": 1,
    "37": 3,
    "38": 3,
    "41": 3,
    "47": 1,
    "81": 1,
    "59": 1,
    "60": 1,
    "30": 126,
    "62": 1,
    "31": 61
  }
}