{
  "metadata": {
    "tool_name": "DamageProfiler",
    "version": "1.1",
    "sample_name": "ToA031.ElandCommon_Human_nc.Target.rmdup.noMicro.bam"
  },
  "lendist_fw": {
    "30": 9027,
    "31": 8791,
    "32": 8654,
    "33": 8379,
    "34": 8116,
    "35": 7681,
    "36": 7224,
    "37": 6759,
    "38": 6269,
    "39": 5812,
    "40": 5314,
    "41": 4964,
    "42": 4524,
    "43": 4214,
    "44": 3810,
    "45": 3475,
    "46": 3020,
    "47": 2731,
    "48": 2327,
    "49": 2193,
    "50": 1870,
    "51": 1754,
    "52": 1553,
    "53": 1395,
    "54": 1247,
    "55": 1044,
    "56": 923,
    "57": 878,
    "58": 733,
    "59": 625,
    "60": 547,
    "61": 494,
    "62": 445,
    "63": 359,
    "64": 340,
    "65": 303,
    "66": 239,
    "67": 207,
    "68": 206,
    "69": 160,
    "70": 122,
    "71": 128,
    "72": 107,
    "73": 88,
    "74": 92,
    "75": 63,
    "76": 60,
    "77": 58,
    "78": 47,
    "79": 33,
    "80": 32,
    "81": 33,
    "82": 18,
    "83": 25,
    "84": 22,
    "85": 22,
    "86": 25,
    "87": 18,
    "88": 14,
    "89": 12,
    "90": 7,
    "91": 11
  },
  "dmg_5p": [
    0.09569855861990693,
    0.01671615271316017,
    0.008843268851164626,
    0.006160081866886049,
    0.0048543689320388345,
    0.003872692602567379,
    0.0039230599867896955,
    0.003559158145946057,
    0.004006705098327814,
    0.0034355233110361133,
    0.003209757663296421,
    0.0032975109751494807,
    0.0034939903366210117,
    0.003520205982338624,
    0.0036330245927818586,
    0.003187504980476532,
    0.0034225326741788922,
    0.003329412468350645,
    0.0032105949633791514,
    0.0035652051995914034,
    0.002997182648310588,
    0.002740004059265273,
    0.0037178476894788952,
    0.003897369275738876,
    0.003527192190960545
  ],
  "summary_stats": {
    "std": 8.603181746766394,
    "median": 38.0,
    "mean_readlength": 39.69758700087587
  },
  "dmg_3p": [
    0.004839796606016051,
    0.006143276246834332,
    0.004408890504977047,
    0.004173543975477482,
    0.00428280237271832,
    0.003600259397571502,
    0.0033706379978850898,
    0.0034049240440020955,
    0.0033999520519582415,
    0.002827211361444727,
    0.0031574592252248328,
    0.002931659753740581,
    0.002871862325989258,
    0.002857394056620362,
    0.0029752138434950013,
    0.0029684029991864378,
    0.003289834411667946,
    0.0031905594405594404,
    0.0026533275337103086,
    0.0034968053876705233,
    0.0030919696504539277,
    0.0029261948629023516,
    0.003058438012015292,
    0.002682937383703319,
    0.0031212329946616155
  ],
  "lendist_rv": {
    "30": 9169,
    "31": 8824,
    "32": 8492,
    "33": 8546,
    "34": 7947,
    "35": 7620,
    "36": 7091,
    "37": 6799,
    "38": 6306,
    "39": 5700,
    "40": 5283,
    "41": 4944,
    "42": 4610,
    "43": 4058,
    "44": 3638,
    "45": 3347,
    "46": 2990,
    "47": 2793,
    "48": 2448,
    "49": 2219,
    "50": 1920,
    "51": 1725,
    "52": 1510,
    "53": 1360,
    "54": 1230,
    "55": 1054,
    "56": 922,
    "57": 791,
    "58": 756,
    "59": 607,
    "60": 562,
    "61": 492,
    "62": 429,
    "63": 358,
    "64": 342,
    "65": 291,
    "66": 259,
    "67": 250,
    "68": 185,
    "69": 176,
    "70": 145,
    "71": 120,
    "72": 106,
    "73": 94,
    "74": 76,
    "75": 62,
    "76": 49,
    "77": 58,
    "78": 48,
    "79": 34,
    "80": 37,
    "81": 39,
    "82": 21,
    "83": 33,
    "84": 17,
    "85": 18,
    "86": 15,
    "87": 16,
    "88": 17,
    "89": 17,
    "90": 7,
    "91": 9
  }
}