{
  "metadata": {
    "tool_name": "DamageProfiler",
    "version": "1.1",
    "sample_name": "ScA030.BuffaloCape_Human_nc.Target.rmdup.noMicro.bam"
  },
  "lendist_fw": {
    "30": 2605,
    "31": 2762,
    "32": 2681,
    "33": 2853,
    "34": 2967,
    "35": 3008,
    "36": 2958,
    "37": 3044,
    "38": 3204,
    "39": 3218,
    "40": 3399,
    "41": 3440,
    "42": 3412,
    "43": 3368,
    "44": 3317,
    "45": 3258,
    "46": 3268,
    "47": 3143,
    "48": 3266,
    "49": 3125,
    "50": 3184,
    "51": 3170,
    "52": 3086,
    "53": 3045,
    "54": 2968,
    "55": 2847,
    "56": 2815,
    "57": 2761,
    "58": 2578,
    "59": 2591,
    "60": 2656,
    "61": 2494,
    "62": 2379,
    "63": 2284,
    "64": 2194,
    "65": 2147,
    "66": 2122,
    "67": 1991,
    "68": 1956,
    "69": 1910,
    "70": 1849,
    "71": 1791,
    "72": 1680,
    "73": 1612,
    "74": 1660,
    "75": 1564,
    "76": 1507,
    "77": 1387,
    "78": 1315,
    "79": 1371,
    "80": 1381,
    "81": 1220,
    "82": 1187,
    "83": 1179,
    "84": 1101,
    "85": 1029,
    "86": 1046,
    "87": 996,
    "88": 1003,
    "89": 871,
    "90": 878,
    "91": 795
  },
  "dmg_5p": [
    0.04162543703410515,
    0.010447676292686626,
    0.007118052556106495,
    0.005181703937062095,
    0.005410790662521257,
    0.00465700381978965,
    0.004666297176979601,
    0.004508944870390654,
    0.005085361423901199,
    0.0045034580124023805,
    0.004663379073756432,
    0.0037426859482349636,
    0.004013862856738692,
    0.004362433815898257,
    0.003929135239431679,
    0.004487619449870651,
    0.004307823219698984,
    0.004810413129598189,
    0.004052051909105514,
    0.004050678087080656,
    0.0038111107171978588,
    0.003718398064298041,
    0.004121540849644049,
    0.00471606464717831,
    0.00434619305682245
  ],
  "summary_stats": {
    "std": 15.920362702116842,
    "median": 52.0,
    "mean_readlength": 54.43428881240028
  },
  "dmg_3p": [
    0.010076112570763022,
    0.008130265936910953,
    0.005994372629776128,
    0.0048185483870967745,
    0.004620708639742027,
    0.004129726452981738,
    0.003892300425129901,
    0.004475017567217723,
    0.0034769604635947284,
    0.0036212169540499467,
    0.004031350783769594,
    0.0036550798150082053,
    0.004038345410628019,
    0.0034436687303588567,
    0.004152637485970819,
    0.003535618078419635,
    0.003746086178619353,
    0.0031016102371710344,
    0.0034720277762222097,
    0.003443500393008197,
    0.0034438226431338786,
    0.0032913916003686357,
    0.003810733566211496,
    0.0037476227765969347,
    0.0036001261899901646
  ],
  "lendist_rv": {
    "30": 2608,
    "31": 2651,
    "32": 2756,
    "33": 2763,
    "34": 2843,
    "35": 2953,
    "36": 3075,
    "37": 3109,
    "38": 3338,
    "39": 3322,
    "40": 3332,
    "41": 3467,
    "42": 3495,
    "43": 3426,
    "44": 3307,
    "45": 3283,
    "46": 3196,
    "47": 3278,
    "48": 3189,
    "49": 3255,
    "50": 3129,
    "51": 3144,
    "52": 3030,
    "53": 2958,
    "54": 2984,
    "55": 2844,
    "56": 2697,
    "57": 2666,
    "58": 2521,
    "59": 2650,
    "60": 2558,
    "61": 2585,
    "62": 2336,
    "63": 2381,
    "64": 2285,
    "65": 2231,
    "66": 2069,
    "67": 2135,
    "68": 2032,
    "69": 1912,
    "70": 1870,
    "71": 1784,
    "72": 1717,
    "73": 1703,
    "74": 1557,
    "75": 1500,
    "76": 1484,
    "77": 1420,
    "78": 1391,
    "79": 1340,
    "80": 1300,
    "81": 1256,
    "82": 1211,
    "83": 1162,
    "84": 1086,
    "85": 1081,
    "86": 944,
    "87": 1007,
    "88": 900,
    "89": 850,
    "90": 886,
    "91": 784
  }
}