{
  "metadata": {
    "tool_name": "DamageProfiler",
    "version": "1.1",
    "sample_name": "PcA016.ReedbuckBh_Human_nc.Target.rmdup.noMicro.bam"
  },
  "lendist_fw": {
    "30": 117,
    "31": 82,
    "32": 56,
    "33": 85,
    "34": 76,
    "35": 46,
    "36": 55,
    "37": 55,
    "38": 76,
    "39": 69,
    "40": 57,
    "41": 57,
    "42": 60,
    "43": 56,
    "44": 52,
    "45": 66,
    "46": 64,
    "47": 56,
    "48": 49,
    "49": 45,
    "50": 56,
    "51": 45,
    "52": 46,
    "53": 57,
    "54": 32,
    "55": 33,
    "56": 37,
    "57": 38,
    "58": 42,
    "59": 26,
    "60": 34,
    "61": 25,
    "62": 40,
    "63": 33,
    "64": 26,
    "65": 21,
    "66": 16,
    "67": 21,
    "68": 22,
    "69": 22,
    "70": 20,
    "71": 13,
    "72": 16,
    "73": 17,
    "74": 16,
    "75": 17,
    "76": 8,
    "77": 18,
    "78": 12,
    "79": 19,
    "80": 12,
    "81": 12,
    "82": 6,
    "83": 7,
    "84": 9,
    "85": 5,
    "86": 9,
    "87": 6,
    "88": 5,
    "89": 2,
    "90": 6,
    "91": 1
  },
  "dmg_5p": [
    0.04746136865342163,
    0.038314176245210725,
    0.025059665871121718,
    0.02304147465437788,
    0.01650943396226415,
    0.019122609673790775,
    0.02395964691046658,
    0.018541409147095178,
    0.008403361344537815,
    0.018583042973286876,
    0.021479713603818614,
    0.012415349887133182,
    0.02338530066815145,
    0.01384083044982699,
    0.02603550295857988,
    0.0176678445229682,
    0.01643192488262911,
    0.024504084014002333,
    0.017421602787456445,
    0.021176470588235293,
    0.01627906976744186,
    0.016317016317016316,
    0.023086269744835967,
    0.02097902097902098,
    0.019024970273483946
  ],
  "summary_stats": {
    "std": 14.625225970208646,
    "median": 46.0,
    "mean_readlength": 48.59732573432736
  },
  "dmg_3p": [
    0.051194539249146756,
    0.02342606149341142,
    0.02066115702479339,
    0.019815059445178335,
    0.018691588785046728,
    0.021144278606965175,
    0.01694915254237288,
    0.023195876288659795,
    0.017857142857142856,
    0.021712907117008445,
    0.018115942028985508,
    0.03444316877152698,
    0.006265664160401002,
    0.022067363530778164,
    0.018427518427518427,
    0.01597051597051597,
    0.014908256880733946,
    0.014457831325301205,
    0.022538552787663108,
    0.02107728337236534,
    0.02491506228765572,
    0.02122347066167291,
    0.025485436893203883,
    0.01761006289308176,
    0.013221153846153846
  ],
  "lendist_rv": {
    "30": 155,
    "31": 90,
    "32": 61,
    "33": 57,
    "34": 56,
    "35": 64,
    "36": 86,
    "37": 72,
    "38": 72,
    "39": 70,
    "40": 69,
    "41": 73,
    "42": 66,
    "43": 58,
    "44": 76,
    "45": 56,
    "46": 61,
    "47": 45,
    "48": 49,
    "49": 50,
    "50": 61,
    "51": 37,
    "52": 43,
    "53": 41,
    "54": 42,
    "55": 36,
    "56": 41,
    "57": 37,
    "58": 26,
    "59": 41,
    "60": 33,
    "61": 34,
    "62": 22,
    "63": 31,
    "64": 25,
    "65": 23,
    "66": 20,
    "67": 32,
    "68": 13,
    "69": 22,
    "70": 16,
    "71": 13,
    "72": 9,
    "73": 14,
    "74": 14,
    "75": 9,
    "76": 10,
    "77": 18,
    "78": 7,
    "79": 11,
    "80": 10,
    "81": 6,
    "82": 9,
    "83": 7,
    "84": 11,
    "85": 10,
    "86": 9,
    "87": 7,
    "88": 5,
    "89": 1,
    "90": 2,
    "91": 7
  }
}