{
  "metadata": {
    "tool_name": "DamageProfiler",
    "version": "1.1",
    "sample_name": "ScA040.BuffaloCape_Human_nc.Target.rmdup.noMicro.bam"
  },
  "lendist_fw": {
    "30": 197,
    "31": 98,
    "32": 75,
    "33": 64,
    "34": 60,
    "35": 59,
    "36": 67,
    "37": 52,
    "38": 50,
    "39": 63,
    "40": 48,
    "41": 53,
    "42": 56,
    "43": 53,
    "44": 51,
    "45": 57,
    "46": 56,
    "47": 39,
    "48": 50,
    "49": 39,
    "50": 41,
    "51": 40,
    "52": 49,
    "53": 37,
    "54": 41,
    "55": 35,
    "56": 27,
    "57": 26,
    "58": 25,
    "59": 30,
    "60": 26,
    "61": 27,
    "62": 21,
    "63": 29,
    "64": 20,
    "65": 17,
    "66": 14,
    "67": 16,
    "68": 12,
    "69": 13,
    "70": 9,
    "71": 21,
    "72": 11,
    "73": 16,
    "74": 10,
    "75": 16,
    "76": 14,
    "77": 13,
    "78": 12,
    "79": 12,
    "80": 9,
    "81": 5,
    "82": 13,
    "83": 3,
    "84": 6,
    "85": 5,
    "86": 2,
    "87": 8,
    "88": 1,
    "89": 7,
    "90": 4,
    "91": 4
  },
  "dmg_5p": [
    0.06177606177606178,
    0.0113314447592068,
    0.010256410256410256,
    0.013157894736842105,
    0.007702182284980745,
    0.008,
    0.007936507936507936,
    0.00648508430609598,
    0.005208333333333333,
    0.006775067750677507,
    0.0013774104683195593,
    0.004054054054054054,
    0.006657789613848202,
    0.0038461538461538464,
    0.0039164490861618795,
    0.002472187886279357,
    0.00535475234270415,
    0.00975609756097561,
    0.007556675062972292,
    0.005291005291005291,
    0.005063291139240506,
    0.008547008547008548,
    0.010884353741496598,
    0.009320905459387484,
    0.007398273736128237
  ],
  "summary_stats": {
    "std": 15.01008896854647,
    "median": 45.0,
    "mean_readlength": 47.66182078169665
  },
  "dmg_3p": [
    0.018036072144288578,
    0.00909090909090909,
    0.00916030534351145,
    0.007183908045977011,
    0.0074850299401197605,
    0.006954102920723227,
    0.002797202797202797,
    0.0012903225806451613,
    0.009485094850948509,
    0.007978723404255319,
    0.009308510638297872,
    0.008075370121130552,
    0.008097165991902834,
    0.006666666666666667,
    0.0037267080745341614,
    0.00258732212160414,
    0.004092769440654843,
    0.009358288770053475,
    0.010484927916120577,
    0.006501950585175552,
    0.005069708491761723,
    0.006702412868632708,
    0.007263922518159807,
    0.008108108108108109,
    0.003896103896103896
  ],
  "lendist_rv": {
    "30": 204,
    "31": 107,
    "32": 62,
    "33": 52,
    "34": 57,
    "35": 66,
    "36": 42,
    "37": 45,
    "38": 51,
    "39": 47,
    "40": 66,
    "41": 60,
    "42": 53,
    "43": 51,
    "44": 55,
    "45": 52,
    "46": 49,
    "47": 43,
    "48": 53,
    "49": 33,
    "50": 41,
    "51": 39,
    "52": 38,
    "53": 45,
    "54": 41,
    "55": 36,
    "56": 41,
    "57": 33,
    "58": 25,
    "59": 20,
    "60": 35,
    "61": 29,
    "62": 33,
    "63": 26,
    "64": 22,
    "65": 14,
    "66": 20,
    "67": 12,
    "68": 18,
    "69": 17,
    "70": 17,
    "71": 10,
    "72": 15,
    "73": 16,
    "74": 10,
    "75": 13,
    "76": 6,
    "77": 10,
    "78": 10,
    "79": 8,
    "80": 12,
    "81": 9,
    "82": 10,
    "83": 6,
    "84": 7,
    "85": 10,
    "86": 7,
    "87": 10,
    "88": 6,
    "89": 8,
    "90": 2,
    "91": 3
  }
}