{
  "metadata": {
    "tool_name": "DamageProfiler",
    "version": "1.1",
    "sample_name": "PcA012.ReedbuckBh_Human_nc.Target.rmdup.noMicro.bam"
  },
  "lendist_fw": {
    "30": 301,
    "31": 147,
    "32": 75,
    "33": 45,
    "34": 43,
    "35": 32,
    "36": 38,
    "37": 32,
    "38": 23,
    "39": 40,
    "40": 19,
    "41": 37,
    "42": 39,
    "43": 23,
    "44": 34,
    "45": 24,
    "46": 24,
    "47": 36,
    "48": 23,
    "49": 35,
    "50": 25,
    "51": 34,
    "52": 40,
    "53": 30,
    "54": 16,
    "55": 24,
    "56": 16,
    "57": 16,
    "58": 18,
    "59": 22,
    "60": 20,
    "61": 22,
    "62": 17,
    "63": 14,
    "64": 13,
    "65": 12,
    "66": 10,
    "67": 13,
    "68": 11,
    "69": 20,
    "70": 7,
    "71": 8,
    "72": 16,
    "73": 9,
    "74": 9,
    "75": 8,
    "76": 10,
    "77": 9,
    "78": 2,
    "79": 8,
    "80": 6,
    "81": 4,
    "82": 8,
    "83": 4,
    "84": 2,
    "85": 5,
    "86": 11,
    "87": 5,
    "88": 4,
    "89": 6,
    "90": 4,
    "91": 4
  },
  "dmg_5p": [
    0.06240713224368499,
    0.022887323943661973,
    0.021702838063439065,
    0.028523489932885907,
    0.03317535545023697,
    0.022071307300509338,
    0.018333333333333333,
    0.015306122448979591,
    0.031413612565445025,
    0.018148820326678767,
    0.016778523489932886,
    0.016286644951140065,
    0.022770398481973434,
    0.019704433497536946,
    0.013245033112582781,
    0.021702838063439065,
    0.02821869488536155,
    0.010752688172043012,
    0.0189873417721519,
    0.02276707530647986,
    0.01692047377326565,
    0.011475409836065573,
    0.021996615905245348,
    0.020689655172413793,
    0.012389380530973451
  ],
  "summary_stats": {
    "std": 15.989935097961903,
    "median": 41.0,
    "mean_readlength": 45.467587034813654
  },
  "dmg_3p": [
    0.046831955922865015,
    0.04567307692307692,
    0.028513238289205704,
    0.02111324376199616,
    0.02697495183044316,
    0.018018018018018018,
    0.018214936247723135,
    0.02727272727272727,
    0.022058823529411766,
    0.024263431542461005,
    0.02112676056338028,
    0.024350649350649352,
    0.025295109612141653,
    0.03508771929824561,
    0.025594149908592323,
    0.019891500904159132,
    0.015810276679841896,
    0.021739130434782608,
    0.020066889632107024,
    0.028119507908611598,
    0.028419182948490232,
    0.025,
    0.02348993288590604,
    0.008912655971479501,
    0.013937282229965157
  ],
  "lendist_rv": {
    "30": 307,
    "31": 130,
    "32": 88,
    "33": 54,
    "34": 34,
    "35": 47,
    "36": 27,
    "37": 33,
    "38": 34,
    "39": 28,
    "40": 35,
    "41": 40,
    "42": 36,
    "43": 25,
    "44": 33,
    "45": 38,
    "46": 33,
    "47": 27,
    "48": 24,
    "49": 21,
    "50": 33,
    "51": 25,
    "52": 24,
    "53": 22,
    "54": 14,
    "55": 20,
    "56": 20,
    "57": 24,
    "58": 14,
    "59": 15,
    "60": 16,
    "61": 15,
    "62": 17,
    "63": 17,
    "64": 20,
    "65": 7,
    "66": 11,
    "67": 6,
    "68": 11,
    "69": 9,
    "70": 7,
    "71": 14,
    "72": 11,
    "73": 6,
    "74": 8,
    "75": 13,
    "76": 8,
    "77": 12,
    "78": 7,
    "79": 9,
    "80": 3,
    "81": 7,
    "82": 8,
    "83": 6,
    "84": 4,
    "85": 7,
    "86": 8,
    "87": 3,
    "88": 5,
    "89": 6,
    "90": 6,
    "91": 4
  }
}