{
  "metadata": {
    "tool_name": "DamageProfiler",
    "version": "1.1",
    "sample_name": "PaA012.BuffaloCape_Human_nc.Target.rmdup.noMicro_SCR_054.bam"
  },
  "lendist_fw": {
    "32": 1,
    "49": 1,
    "34": 1,
    "35": 2,
    "36": 2,
    "59": 1,
    "30": 9,
    "94": 1,
    "31": 8,
    "159": 1
  },
  "dmg_5p": [
    0.0,
    0.0,
    0.0,
    0.1111111111111111,
    0.08333333333333333,
    0.0,
    0.06666666666666667,
    0.0,
    0.0,
    0.0,
    0.0,
    0.0,
    0.06666666666666667,
    0.0,
    0.0,
    0.0,
    0.0,
    0.05555555555555555,
    0.0,
    0.0,
    0.0,
    0.14285714285714285,
    0.058823529411764705,
    0.05,
    0.14285714285714285
  ],
  "summary_stats": {
    "std": 29.391586132454037,
    "median": 31.0,
    "mean_readlength": 43.317460317460316
  },
  "dmg_3p": [
    0.0,
    0.0,
    0.09090909090909091,
    0.0,
    0.0,
    0.07142857142857142,
    0.0,
    0.09090909090909091,
    0.0,
    0.13333333333333333,
    0.0625,
    0.0,
    0.0,
    0.0,
    0.08333333333333333,
    0.0,
    0.0,
    0.0,
    0.0,
    0.0,
    0.0,
    0.0,
    0.0,
    0.0,
    0.0
  ],
  "lendist_rv": {
    "32": 1,
    "33": 1,
    "34": 2,
    "82": 1,
    "117": 1,
    "30": 11,
    "31": 2
  }
}