{
  "metadata": {
    "tool_name": "DamageProfiler",
    "version": "1.1",
    "sample_name": "ToA008.ElandCommon_Human_nc.Target.rmdup.noMicro_SCR_009.bam"
  },
  "lendist_fw": {
    "32": 4,
    "33": 7,
    "36": 1,
    "37": 2,
    "70": 1,
    "40": 1,
    "41": 1,
    "44": 1,
    "45": 1,
    "47": 1,
    "79": 1,
    "48": 1,
    "80": 1,
    "49": 1,
    "122": 1,
    "61": 1,
    "30": 52,
    "31": 23
  },
  "dmg_5p": [
    0.0,
    0.02040816326530612,
    0.01694915254237288,
    0.0,
    0.0,
    0.0,
    0.0,
    0.0,
    0.0,
    0.0,
    0.0425531914893617,
    0.0,
    0.0,
    0.0,
    0.044444444444444446,
    0.0,
    0.022727272727272728,
    0.0,
    0.0,
    0.023255813953488372,
    0.02040816326530612,
    0.021739130434782608,
    0.0,
    0.022727272727272728,
    0.041666666666666664
  ],
  "summary_stats": {
    "std": 14.608109861118946,
    "median": 31.0,
    "mean_readlength": 36.24886877828054
  },
  "dmg_3p": [
    0.03571428571428571,
    0.030303030303030304,
    0.02631578947368421,
    0.05128205128205128,
    0.0,
    0.027777777777777776,
    0.029411764705882353,
    0.02702702702702703,
    0.0,
    0.0,
    0.0,
    0.038461538461538464,
    0.0,
    0.06818181818181818,
    0.02040816326530612,
    0.0,
    0.0625,
    0.0,
    0.0,
    0.0,
    0.0,
    0.0,
    0.020833333333333332,
    0.05,
    0.0
  ],
  "lendist_rv": {
    "32": 6,
    "64": 1,
    "33": 2,
    "34": 1,
    "98": 1,
    "37": 1,
    "69": 1,
    "43": 1,
    "54": 1,
    "60": 1,
    "30": 40,
    "62": 1,
    "31": 32
  }
}