{
  "metadata": {
    "tool_name": "DamageProfiler",
    "version": "1.1",
    "sample_name": "PcA025.ReedbuckBh_Human_nc.Target.rmdup.noMicro.bam"
  },
  "lendist_fw": {
    "30": 225,
    "31": 130,
    "32": 93,
    "33": 92,
    "34": 96,
    "35": 97,
    "36": 87,
    "37": 111,
    "38": 97,
    "39": 112,
    "40": 99,
    "41": 105,
    "42": 96,
    "43": 93,
    "44": 90,
    "45": 98,
    "46": 80,
    "47": 95,
    "48": 79,
    "49": 85,
    "50": 81,
    "51": 102,
    "52": 80,
    "53": 68,
    "54": 81,
    "55": 86,
    "56": 60,
    "57": 70,
    "58": 57,
    "59": 57,
    "60": 75,
    "61": 46,
    "62": 67,
    "63": 61,
    "64": 47,
    "65": 51,
    "66": 51,
    "67": 46,
    "68": 56,
    "69": 52,
    "70": 54,
    "71": 37,
    "72": 52,
    "73": 33,
    "74": 40,
    "75": 50,
    "76": 36,
    "77": 39,
    "78": 29,
    "79": 29,
    "80": 34,
    "81": 28,
    "82": 34,
    "83": 27,
    "84": 26,
    "85": 26,
    "86": 23,
    "87": 25,
    "88": 25,
    "89": 15,
    "90": 15,
    "91": 22
  },
  "dmg_5p": [
    0.07548273844353423,
    0.026064844246662427,
    0.018044237485448197,
    0.014819205690574985,
    0.018607442977190875,
    0.021984551396316103,
    0.015413070283600493,
    0.01918158567774936,
    0.016244314489928524,
    0.017665615141955835,
    0.012476606363069246,
    0.017890191239975324,
    0.017777777777777778,
    0.0075046904315197,
    0.018637532133676093,
    0.011124845488257108,
    0.014906832298136646,
    0.01843884449907806,
    0.02052597819114817,
    0.022151898734177215,
    0.020820575627679118,
    0.015489467162329617,
    0.018412698412698412,
    0.014339152119700748,
    0.024286581663630843
  ],
  "summary_stats": {
    "std": 16.046725119232615,
    "median": 49.0,
    "mean_readlength": 52.0070774862718
  },
  "dmg_3p": [
    0.03525046382189239,
    0.032490974729241874,
    0.02024584237165582,
    0.022810890360559236,
    0.015710382513661202,
    0.023712737127371274,
    0.019041365725541694,
    0.02079272254710851,
    0.017195767195767195,
    0.018158236057068743,
    0.02158730158730159,
    0.014193548387096775,
    0.023148148148148147,
    0.012907608695652174,
    0.020080321285140562,
    0.0114247311827957,
    0.02038216560509554,
    0.009204470742932281,
    0.0155195681511471,
    0.016490765171503958,
    0.017555266579973992,
    0.011936339522546418,
    0.017229953611663355,
    0.018518518518518517,
    0.017333333333333333
  ],
  "lendist_rv": {
    "30": 193,
    "31": 129,
    "32": 114,
    "33": 72,
    "34": 84,
    "35": 103,
    "36": 95,
    "37": 89,
    "38": 98,
    "39": 76,
    "40": 95,
    "41": 105,
    "42": 108,
    "43": 80,
    "44": 99,
    "45": 91,
    "46": 108,
    "47": 96,
    "48": 76,
    "49": 89,
    "50": 103,
    "51": 84,
    "52": 99,
    "53": 64,
    "54": 74,
    "55": 82,
    "56": 63,
    "57": 79,
    "58": 80,
    "59": 72,
    "60": 63,
    "61": 51,
    "62": 64,
    "63": 63,
    "64": 77,
    "65": 53,
    "66": 63,
    "67": 46,
    "68": 52,
    "69": 42,
    "70": 42,
    "71": 52,
    "72": 39,
    "73": 33,
    "74": 34,
    "75": 36,
    "76": 34,
    "77": 36,
    "78": 37,
    "79": 30,
    "80": 32,
    "81": 24,
    "82": 33,
    "83": 37,
    "84": 30,
    "85": 12,
    "86": 21,
    "87": 15,
    "88": 26,
    "89": 11,
    "90": 14,
    "91": 16
  }
}