{
  "metadata": {
    "tool_name": "DamageProfiler",
    "version": "1.1",
    "sample_name": "ScA035.BuffaloCape_Human_nc.Target.rmdup.noMicro.bam"
  },
  "lendist_fw": {
    "64": 1,
    "65": 1,
    "66": 1,
    "67": 1,
    "70": 1,
    "76": 2,
    "78": 1,
    "79": 1,
    "87": 1,
    "88": 2,
    "30": 116,
    "31": 48,
    "32": 18,
    "33": 7,
    "34": 6,
    "35": 5,
    "36": 3,
    "37": 3,
    "38": 2,
    "39": 4,
    "40": 1,
    "41": 2,
    "42": 1,
    "43": 2,
    "44": 2,
    "45": 3,
    "47": 2,
    "48": 2,
    "49": 1,
    "50": 1,
    "52": 1,
    "54": 1,
    "55": 1,
    "56": 1,
    "57": 2,
    "58": 3,
    "61": 2,
    "62": 2
  },
  "dmg_5p": [
    0.026785714285714284,
    0.00909090909090909,
    0.007874015748031496,
    0.011111111111111112,
    0.0196078431372549,
    0.010309278350515464,
    0.037383177570093455,
    0.009708737864077669,
    0.01818181818181818,
    0.02127659574468085,
    0.009433962264150943,
    0.01904761904761905,
    0.034482758620689655,
    0.0,
    0.009433962264150943,
    0.04040404040404041,
    0.00980392156862745,
    0.009345794392523364,
    0.009708737864077669,
    0.017391304347826087,
    0.0,
    0.04504504504504504,
    0.0,
    0.010638297872340425,
    0.0
  ],
  "summary_stats": {
    "std": 13.525987459174976,
    "median": 31.0,
    "mean_readlength": 37.8063973063973
  },
  "dmg_3p": [
    0.06944444444444445,
    0.0,
    0.04597701149425287,
    0.0,
    0.02531645569620253,
    0.024096385542168676,
    0.023809523809523808,
    0.011111111111111112,
    0.034482758620689655,
    0.0,
    0.012345679012345678,
    0.02564102564102564,
    0.00980392156862745,
    0.021739130434782608,
    0.031578947368421054,
    0.012048192771084338,
    0.0,
    0.01020408163265306,
    0.011235955056179775,
    0.011111111111111112,
    0.02,
    0.045454545454545456,
    0.03125,
    0.011235955056179775,
    0.025210084033613446
  ],
  "lendist_rv": {
    "64": 1,
    "67": 1,
    "70": 1,
    "71": 2,
    "73": 2,
    "74": 2,
    "75": 1,
    "76": 1,
    "77": 2,
    "86": 1,
    "88": 1,
    "30": 127,
    "31": 40,
    "32": 21,
    "33": 15,
    "34": 2,
    "35": 2,
    "36": 6,
    "38": 3,
    "39": 3,
    "40": 1,
    "41": 5,
    "42": 1,
    "43": 1,
    "44": 2,
    "45": 1,
    "47": 3,
    "48": 1,
    "49": 1,
    "50": 2,
    "52": 4,
    "56": 1,
    "57": 2,
    "58": 1,
    "60": 1,
    "61": 1,
    "62": 3
  }
}