{
  "metadata": {
    "tool_name": "DamageProfiler",
    "version": "1.1",
    "sample_name": "RmA034.GrysbokCape_Human_nc.Target.rmdup.noMicro.bam"
  },
  "lendist_fw": {
    "30": 275,
    "31": 210,
    "32": 161,
    "33": 186,
    "34": 150,
    "35": 149,
    "36": 144,
    "37": 141,
    "38": 141,
    "39": 147,
    "40": 131,
    "41": 123,
    "42": 124,
    "43": 161,
    "44": 125,
    "45": 120,
    "46": 116,
    "47": 133,
    "48": 116,
    "49": 131,
    "50": 117,
    "51": 107,
    "52": 114,
    "53": 113,
    "54": 88,
    "55": 86,
    "56": 87,
    "57": 90,
    "58": 80,
    "59": 78,
    "60": 85,
    "61": 72,
    "62": 70,
    "63": 62,
    "64": 65,
    "65": 63,
    "66": 77,
    "67": 66,
    "68": 55,
    "69": 48,
    "70": 54,
    "71": 56,
    "72": 53,
    "73": 41,
    "74": 50,
    "75": 41,
    "76": 42,
    "77": 33,
    "78": 32,
    "79": 28,
    "80": 28,
    "81": 23,
    "82": 27,
    "83": 24,
    "84": 24,
    "85": 16,
    "86": 24,
    "87": 17,
    "88": 17,
    "89": 23,
    "90": 10,
    "91": 19
  },
  "dmg_5p": [
    0.0391304347826087,
    0.016538688718251624,
    0.010828370330265295,
    0.008064516129032258,
    0.006085192697768763,
    0.003084832904884319,
    0.003105590062111801,
    0.0052659294365455505,
    0.004219409282700422,
    0.0050916496945010185,
    0.0035175879396984926,
    0.0030303030303030303,
    0.0019704433497536944,
    0.0034860557768924302,
    0.0031120331950207467,
    0.0020376974019358125,
    0.004052684903748734,
    0.0,
    0.004028197381671702,
    0.002485089463220676,
    0.002513826043237808,
    0.0052603892688058915,
    5.205622071837585E-4,
    0.001487357461576599,
    0.003626943005181347
  ],
  "summary_stats": {
    "std": 15.379267191660269,
    "median": 47.0,
    "mean_readlength": 49.61676872350508
  },
  "dmg_3p": [
    0.017511520737327188,
    0.011764705882352941,
    0.00625,
    0.007797270955165692,
    0.0030358227079538553,
    0.005205320994794679,
    0.0028457598178713715,
    0.003257328990228013,
    5.46448087431694E-4,
    0.002788622420524261,
    0.003713527851458886,
    0.0016759776536312849,
    0.0026766595289079227,
    0.0016146393972012918,
    0.00273224043715847,
    0.002656748140276302,
    0.0026553372278279343,
    0.0027159152634437804,
    0.004904632152588556,
    0.002641310089804543,
    0.0010526315789473684,
    0.0031982942430703624,
    0.0037373198077949813,
    5.175983436853002E-4,
    0.0010758472296933835
  ],
  "lendist_rv": {
    "30": 284,
    "31": 192,
    "32": 154,
    "33": 137,
    "34": 167,
    "35": 167,
    "36": 162,
    "37": 148,
    "38": 152,
    "39": 143,
    "40": 165,
    "41": 127,
    "42": 159,
    "43": 123,
    "44": 133,
    "45": 132,
    "46": 123,
    "47": 109,
    "48": 127,
    "49": 123,
    "50": 115,
    "51": 122,
    "52": 104,
    "53": 96,
    "54": 91,
    "55": 85,
    "56": 73,
    "57": 78,
    "58": 77,
    "59": 67,
    "60": 72,
    "61": 66,
    "62": 69,
    "63": 51,
    "64": 63,
    "65": 58,
    "66": 53,
    "67": 55,
    "68": 52,
    "69": 46,
    "70": 44,
    "71": 54,
    "72": 36,
    "73": 51,
    "74": 34,
    "75": 34,
    "76": 45,
    "77": 39,
    "78": 32,
    "79": 22,
    "80": 30,
    "81": 29,
    "82": 33,
    "83": 23,
    "84": 31,
    "85": 29,
    "86": 23,
    "87": 17,
    "88": 20,
    "89": 21,
    "90": 18,
    "91": 17
  }
}