{
  "metadata": {
    "tool_name": "DamageProfiler",
    "version": "1.1",
    "sample_name": "PaA028.BuffaloCape_Human_nc.Target.rmdup.noMicro.bam"
  },
  "lendist_fw": {
    "30": 58,
    "31": 47,
    "32": 21,
    "33": 22,
    "34": 14,
    "35": 14,
    "36": 16,
    "37": 9,
    "38": 9,
    "39": 7,
    "40": 19,
    "41": 8,
    "42": 8,
    "43": 9,
    "44": 11,
    "45": 6,
    "46": 13,
    "47": 5,
    "48": 10,
    "49": 6,
    "50": 9,
    "51": 6,
    "52": 6,
    "53": 5,
    "54": 6,
    "55": 6,
    "56": 10,
    "57": 4,
    "58": 9,
    "60": 5,
    "61": 3,
    "62": 2,
    "63": 4,
    "64": 4,
    "65": 4,
    "66": 2,
    "67": 4,
    "68": 1,
    "69": 3,
    "70": 3,
    "71": 1,
    "72": 4,
    "73": 4,
    "74": 1,
    "75": 3,
    "77": 3,
    "79": 1,
    "80": 4,
    "81": 3,
    "82": 4,
    "83": 1,
    "84": 2,
    "86": 2,
    "87": 1,
    "88": 1,
    "89": 3,
    "90": 2,
    "91": 1
  },
  "dmg_5p": [
    0.0945945945945946,
    0.022099447513812154,
    0.02185792349726776,
    0.02072538860103627,
    0.022598870056497175,
    0.016042780748663103,
    0.006493506493506494,
    0.024242424242424242,
    0.016042780748663103,
    0.012738853503184714,
    0.01744186046511628,
    0.0056179775280898875,
    0.005434782608695652,
    0.01092896174863388,
    0.006024096385542169,
    0.0273972602739726,
    0.011834319526627219,
    0.018072289156626505,
    0.023668639053254437,
    0.02564102564102564,
    0.0058823529411764705,
    0.011299435028248588,
    0.027932960893854747,
    0.018404907975460124,
    0.02512562814070352
  ],
  "summary_stats": {
    "std": 16.14224986637462,
    "median": 41.0,
    "mean_readlength": 46.10531594784363
  },
  "dmg_3p": [
    0.04716981132075472,
    0.03787878787878788,
    0.019736842105263157,
    0.027586206896551724,
    0.022727272727272728,
    0.011627906976744186,
    0.033707865168539325,
    0.04375,
    0.016853932584269662,
    0.040697674418604654,
    0.0058823529411764705,
    0.01875,
    0.010471204188481676,
    0.02976190476190476,
    0.024844720496894408,
    0.016483516483516484,
    0.0213903743315508,
    0.0335195530726257,
    0.027932960893854747,
    0.032467532467532464,
    0.029069767441860465,
    0.027624309392265192,
    0.0223463687150838,
    0.03125,
    0.01675977653631285
  ],
  "lendist_rv": {
    "30": 71,
    "31": 37,
    "32": 19,
    "33": 19,
    "34": 15,
    "35": 15,
    "36": 14,
    "37": 10,
    "38": 9,
    "39": 8,
    "40": 16,
    "41": 5,
    "42": 14,
    "43": 15,
    "44": 4,
    "45": 7,
    "46": 12,
    "47": 12,
    "48": 6,
    "49": 3,
    "50": 5,
    "51": 4,
    "52": 4,
    "53": 10,
    "54": 3,
    "55": 2,
    "56": 4,
    "57": 8,
    "58": 2,
    "59": 3,
    "60": 6,
    "61": 2,
    "62": 2,
    "63": 3,
    "64": 7,
    "65": 5,
    "66": 3,
    "67": 7,
    "68": 3,
    "69": 2,
    "70": 2,
    "71": 1,
    "72": 3,
    "73": 4,
    "74": 2,
    "75": 6,
    "77": 4,
    "78": 1,
    "79": 3,
    "80": 1,
    "82": 2,
    "83": 1,
    "84": 1,
    "85": 2,
    "87": 1,
    "88": 1,
    "90": 2
  }
}