{
  "metadata": {
    "tool_name": "DamageProfiler",
    "version": "1.1",
    "sample_name": "ToA028.ElandCommon_Human_nc.Target.rmdup.noMicro.bam"
  },
  "lendist_fw": {
    "30": 593,
    "31": 498,
    "32": 447,
    "33": 468,
    "34": 454,
    "35": 472,
    "36": 476,
    "37": 471,
    "38": 517,
    "39": 506,
    "40": 594,
    "41": 528,
    "42": 548,
    "43": 522,
    "44": 519,
    "45": 498,
    "46": 479,
    "47": 435,
    "48": 486,
    "49": 475,
    "50": 443,
    "51": 464,
    "52": 448,
    "53": 388,
    "54": 363,
    "55": 352,
    "56": 341,
    "57": 308,
    "58": 312,
    "59": 353,
    "60": 283,
    "61": 295,
    "62": 285,
    "63": 288,
    "64": 244,
    "65": 237,
    "66": 235,
    "67": 222,
    "68": 208,
    "69": 227,
    "70": 181,
    "71": 203,
    "72": 184,
    "73": 212,
    "74": 146,
    "75": 130,
    "76": 138,
    "77": 121,
    "78": 138,
    "79": 122,
    "80": 98,
    "81": 112,
    "82": 108,
    "83": 92,
    "84": 102,
    "85": 98,
    "86": 75,
    "87": 89,
    "88": 68,
    "89": 74,
    "90": 73,
    "91": 48
  },
  "dmg_5p": [
    0.12381071607411116,
    0.01439073987173471,
    0.006693074716568775,
    0.005605979711692472,
    0.00605245460659045,
    0.005659614607195796,
    0.006099290780141844,
    0.004770854416654619,
    0.0046282904252241824,
    0.004665629860031105,
    0.0040418118466898955,
    0.0035063113604488078,
    0.004059350503919373,
    0.0025935025935025936,
    0.0034741523068371315,
    0.004712404712404712,
    0.004076468934495361,
    0.003627232142857143,
    0.004104160769883952,
    0.003888348840438828,
    0.0038540949759119066,
    0.004349656236845798,
    0.00465444287729196,
    0.004794134235758601,
    0.0036455412226584407
  ],
  "summary_stats": {
    "std": 15.041280676683764,
    "median": 48.0,
    "mean_readlength": 51.08694484721116
  },
  "dmg_3p": [
    0.00872515753756665,
    0.00745829244357213,
    0.007620660457239628,
    0.004309630366318581,
    0.003926495994974085,
    0.0034488164289073523,
    0.0030303030303030303,
    0.003117114442630251,
    0.002870676044208411,
    0.004976624943447444,
    0.003372928581903505,
    0.003787878787878788,
    0.0014806040864672786,
    0.003258293838862559,
    0.0035815549917922697,
    0.0033918301135525734,
    0.0032395817994404358,
    0.002627737226277372,
    0.004008313539192399,
    0.004437869822485207,
    0.0031413612565445027,
    0.003305785123966942,
    0.0026998650067496625,
    0.0037528868360277136,
    0.004369992716678805
  ],
  "lendist_rv": {
    "30": 528,
    "31": 475,
    "32": 425,
    "33": 440,
    "34": 467,
    "35": 433,
    "36": 497,
    "37": 506,
    "38": 469,
    "39": 561,
    "40": 510,
    "41": 535,
    "42": 551,
    "43": 543,
    "44": 506,
    "45": 483,
    "46": 467,
    "47": 443,
    "48": 452,
    "49": 446,
    "50": 415,
    "51": 452,
    "52": 418,
    "53": 369,
    "54": 390,
    "55": 355,
    "56": 320,
    "57": 303,
    "58": 268,
    "59": 287,
    "60": 283,
    "61": 273,
    "62": 278,
    "63": 223,
    "64": 260,
    "65": 215,
    "66": 224,
    "67": 195,
    "68": 186,
    "69": 186,
    "70": 167,
    "71": 234,
    "72": 167,
    "73": 146,
    "74": 147,
    "75": 128,
    "76": 127,
    "77": 136,
    "78": 122,
    "79": 128,
    "80": 122,
    "81": 107,
    "82": 97,
    "83": 110,
    "84": 111,
    "85": 84,
    "86": 76,
    "87": 93,
    "88": 79,
    "89": 74,
    "90": 69,
    "91": 63
  }
}