{
  "metadata": {
    "tool_name": "DamageProfiler",
    "version": "1.1",
    "sample_name": "ScA031.BuffaloCape_Human_nc.Target.rmdup.noMicro.bam"
  },
  "lendist_fw": {
    "30": 6947,
    "31": 7231,
    "32": 7184,
    "33": 7316,
    "34": 7429,
    "35": 7481,
    "36": 7663,
    "37": 7706,
    "38": 7515,
    "39": 7513,
    "40": 7571,
    "41": 7405,
    "42": 7245,
    "43": 6833,
    "44": 6720,
    "45": 6616,
    "46": 6422,
    "47": 6280,
    "48": 6081,
    "49": 6046,
    "50": 5789,
    "51": 5662,
    "52": 5379,
    "53": 5207,
    "54": 4982,
    "55": 4826,
    "56": 4666,
    "57": 4590,
    "58": 4264,
    "59": 4034,
    "60": 4006,
    "61": 3830,
    "62": 3727,
    "63": 3499,
    "64": 3256,
    "65": 3251,
    "66": 3238,
    "67": 2986,
    "68": 2930,
    "69": 2787,
    "70": 2795,
    "71": 2590,
    "72": 2490,
    "73": 2298,
    "74": 2245,
    "75": 2268,
    "76": 2101,
    "77": 1955,
    "78": 1854,
    "79": 1778,
    "80": 1810,
    "81": 1679,
    "82": 1625,
    "83": 1572,
    "84": 1476,
    "85": 1371,
    "86": 1335,
    "87": 1209,
    "88": 1230,
    "89": 1155,
    "90": 1089,
    "91": 1105
  },
  "dmg_5p": [
    0.025323153677526647,
    0.012525768341303643,
    0.007509268366497692,
    0.005831375272305248,
    0.005728569940631184,
    0.004922457047285997,
    0.004866180048661801,
    0.004419715086223906,
    0.004406839414771726,
    0.0047085723143698655,
    0.00424632511165731,
    0.004102836845754228,
    0.004150402218613177,
    0.004768744613616776,
    0.004448517479046146,
    0.004297966841520848,
    0.004170831090951026,
    0.004210667664182469,
    0.004790915575777439,
    0.004153726334817265,
    0.004201559480429579,
    0.00455797261378139,
    0.004853809038657465,
    0.004316948842229011,
    0.004512783011152059
  ],
  "summary_stats": {
    "std": 15.44270355502724,
    "median": 48.0,
    "mean_readlength": 51.071706956130484
  },
  "dmg_3p": [
    0.008906814553398874,
    0.007912789923896867,
    0.005589888845972276,
    0.0048329323710237905,
    0.004011273790548172,
    0.0041785725258856425,
    0.0035788937037981136,
    0.00374800476835108,
    0.00375655124360023,
    0.0037891766602841884,
    0.003356824363265017,
    0.0035346333822023177,
    0.0037970314118053157,
    0.003759586946714121,
    0.003848312354686122,
    0.0034054386265402557,
    0.0032531495943665958,
    0.00344508949197485,
    0.003747997541636021,
    0.0033909219886700944,
    0.0031342591659444096,
    0.003395431784062629,
    0.0036278254209789083,
    0.003654705811284282,
    0.0036747451144862847
  ],
  "lendist_rv": {
    "30": 7006,
    "31": 7223,
    "32": 7217,
    "33": 7303,
    "34": 7345,
    "35": 7430,
    "36": 7564,
    "37": 7597,
    "38": 7653,
    "39": 7672,
    "40": 7475,
    "41": 7402,
    "42": 7309,
    "43": 6910,
    "44": 6844,
    "45": 6547,
    "46": 6424,
    "47": 6386,
    "48": 6053,
    "49": 5936,
    "50": 5815,
    "51": 5631,
    "52": 5518,
    "53": 5302,
    "54": 5032,
    "55": 4805,
    "56": 4622,
    "57": 4512,
    "58": 4288,
    "59": 4184,
    "60": 4032,
    "61": 3886,
    "62": 3736,
    "63": 3416,
    "64": 3368,
    "65": 3267,
    "66": 3188,
    "67": 3021,
    "68": 2955,
    "69": 2774,
    "70": 2635,
    "71": 2489,
    "72": 2479,
    "73": 2327,
    "74": 2323,
    "75": 2164,
    "76": 1971,
    "77": 2070,
    "78": 1868,
    "79": 1814,
    "80": 1815,
    "81": 1712,
    "82": 1574,
    "83": 1590,
    "84": 1450,
    "85": 1467,
    "86": 1436,
    "87": 1416,
    "88": 1194,
    "89": 1172,
    "90": 1066,
    "91": 1073
  }
}