{
  "metadata": {
    "tool_name": "DamageProfiler",
    "version": "1.1",
    "sample_name": "RxA021.ReedbuckBh_Human_nc.Target.rmdup.noMicro.bam"
  },
  "lendist_fw": {
    "32": 7,
    "34": 1,
    "35": 3,
    "36": 1,
    "68": 1,
    "41": 1,
    "43": 1,
    "44": 1,
    "51": 1,
    "83": 1,
    "52": 1,
    "53": 1,
    "54": 1,
    "55": 3,
    "30": 23,
    "31": 13
  },
  "dmg_5p": [
    0.0,
    0.0,
    0.0,
    0.037037037037037035,
    0.027777777777777776,
    0.0,
    0.12121212121212122,
    0.06451612903225806,
    0.0,
    0.0,
    0.0,
    0.0,
    0.043478260869565216,
    0.03125,
    0.0,
    0.0,
    0.0,
    0.0,
    0.03333333333333333,
    0.037037037037037035,
    0.037037037037037035,
    0.03225806451612903,
    0.09090909090909091,
    0.0,
    0.03225806451612903
  ],
  "summary_stats": {
    "std": 14.605732023587791,
    "median": 31.0,
    "mean_readlength": 39.060402684563755
  },
  "dmg_3p": [
    0.0,
    0.037037037037037035,
    0.0,
    0.06666666666666667,
    0.0,
    0.03571428571428571,
    0.0,
    0.0,
    0.0,
    0.0,
    0.0,
    0.0,
    0.05263157894736842,
    0.041666666666666664,
    0.045454545454545456,
    0.0,
    0.041666666666666664,
    0.0,
    0.0,
    0.058823529411764705,
    0.04,
    0.0,
    0.0,
    0.0,
    0.0
  ],
  "lendist_rv": {
    "32": 5,
    "33": 1,
    "34": 1,
    "37": 1,
    "38": 2,
    "40": 1,
    "73": 1,
    "42": 1,
    "76": 2,
    "47": 1,
    "48": 1,
    "85": 1,
    "55": 1,
    "56": 1,
    "88": 1,
    "30": 24,
    "31": 11
  }
}