{
  "metadata": {
    "tool_name": "DamageProfiler",
    "version": "1.1",
    "sample_name": "RmA060.GrysbokCape_Human_nc.Target.rmdup.noMicro.bam"
  },
  "lendist_fw": {
    "30": 287,
    "31": 190,
    "32": 175,
    "33": 153,
    "34": 155,
    "35": 142,
    "36": 170,
    "37": 144,
    "38": 129,
    "39": 135,
    "40": 121,
    "41": 126,
    "42": 115,
    "43": 88,
    "44": 98,
    "45": 94,
    "46": 83,
    "47": 90,
    "48": 69,
    "49": 87,
    "50": 57,
    "51": 66,
    "52": 55,
    "53": 49,
    "54": 40,
    "55": 45,
    "56": 44,
    "57": 37,
    "58": 34,
    "59": 26,
    "60": 36,
    "61": 38,
    "62": 18,
    "63": 12,
    "64": 17,
    "65": 16,
    "66": 10,
    "67": 10,
    "68": 9,
    "69": 12,
    "70": 8,
    "71": 13,
    "72": 11,
    "73": 3,
    "74": 3,
    "75": 3,
    "76": 5,
    "77": 5,
    "78": 5,
    "79": 7,
    "80": 1,
    "81": 4,
    "82": 2,
    "83": 3,
    "84": 4,
    "86": 1,
    "88": 1,
    "90": 2
  },
  "dmg_5p": [
    0.06140350877192982,
    0.017605633802816902,
    0.0059271803556308214,
    0.007666098807495741,
    0.005852842809364548,
    0.0016680567139282735,
    0.0017211703958691911,
    0.005089058524173028,
    0.0069504778453518675,
    0.0024937655860349127,
    0.0033927056827820186,
    0.0017301038062283738,
    0.0,
    0.003389830508474576,
    8.149959250203749E-4,
    0.0016129032258064516,
    0.004173622704507512,
    0.0033112582781456954,
    0.0025041736227045075,
    0.003427592116538132,
    0.003424657534246575,
    0.0025795356835769563,
    0.0025041736227045075,
    0.004310344827586207,
    0.004048582995951417
  ],
  "summary_stats": {
    "std": 10.863881413548729,
    "median": 40.0,
    "mean_readlength": 42.347928994083226
  },
  "dmg_3p": [
    0.014858841010401188,
    0.012387387387387387,
    0.008213552361396304,
    0.009813542688910697,
    0.007858546168958742,
    9.233610341643582E-4,
    0.004739336492890996,
    9.31098696461825E-4,
    0.0035587188612099642,
    0.003457216940363008,
    0.004405286343612335,
    0.002631578947368421,
    0.004329004329004329,
    0.0025619128949615714,
    0.004545454545454545,
    0.006222222222222222,
    0.0035971223021582736,
    0.004528985507246377,
    0.00265017667844523,
    0.0045207956600361665,
    0.005376344086021506,
    0.0045207956600361665,
    0.003568242640499554,
    0.0035056967572304996,
    0.0025795356835769563
  ],
  "lendist_rv": {
    "30": 256,
    "31": 195,
    "32": 196,
    "33": 140,
    "34": 144,
    "35": 142,
    "36": 135,
    "37": 159,
    "38": 129,
    "39": 107,
    "40": 128,
    "41": 106,
    "42": 120,
    "43": 104,
    "44": 92,
    "45": 90,
    "46": 115,
    "47": 79,
    "48": 84,
    "49": 73,
    "50": 84,
    "51": 67,
    "52": 45,
    "53": 43,
    "54": 56,
    "55": 35,
    "56": 45,
    "57": 27,
    "58": 27,
    "59": 31,
    "60": 22,
    "61": 22,
    "62": 28,
    "63": 19,
    "64": 16,
    "65": 21,
    "66": 9,
    "67": 8,
    "68": 9,
    "69": 8,
    "70": 7,
    "71": 2,
    "72": 9,
    "73": 8,
    "74": 3,
    "75": 4,
    "76": 1,
    "77": 4,
    "78": 4,
    "79": 2,
    "80": 3,
    "81": 4,
    "82": 5,
    "83": 2,
    "84": 2,
    "86": 1,
    "87": 1,
    "89": 1,
    "90": 1
  }
}