{
  "metadata": {
    "tool_name": "DamageProfiler",
    "version": "1.1",
    "sample_name": "PcA026.ReedbuckBh_Human_nc.Target.rmdup.noMicro.bam"
  },
  "lendist_fw": {
    "30": 409,
    "31": 383,
    "32": 356,
    "33": 384,
    "34": 371,
    "35": 392,
    "36": 407,
    "37": 419,
    "38": 371,
    "39": 388,
    "40": 435,
    "41": 407,
    "42": 403,
    "43": 387,
    "44": 371,
    "45": 356,
    "46": 397,
    "47": 333,
    "48": 315,
    "49": 312,
    "50": 325,
    "51": 340,
    "52": 241,
    "53": 280,
    "54": 263,
    "55": 268,
    "56": 222,
    "57": 235,
    "58": 194,
    "59": 188,
    "60": 167,
    "61": 169,
    "62": 158,
    "63": 164,
    "64": 172,
    "65": 162,
    "66": 154,
    "67": 121,
    "68": 124,
    "69": 118,
    "70": 118,
    "71": 87,
    "72": 97,
    "73": 99,
    "74": 65,
    "75": 67,
    "76": 75,
    "77": 58,
    "78": 83,
    "79": 57,
    "80": 70,
    "81": 55,
    "82": 61,
    "83": 73,
    "84": 41,
    "85": 42,
    "86": 41,
    "87": 37,
    "88": 36,
    "89": 46,
    "90": 32,
    "91": 26
  },
  "dmg_5p": [
    0.08290997764681975,
    0.03259361997226075,
    0.020799347471451877,
    0.016331408086038637,
    0.01832512315270936,
    0.01829389540664148,
    0.01929392446633826,
    0.02067397146991937,
    0.017065556711758585,
    0.017912291537986413,
    0.016181229773462782,
    0.022143139580862,
    0.014483884128926969,
    0.016475788627687362,
    0.018894472361809043,
    0.017982017982017984,
    0.018615944961554026,
    0.015089722675367047,
    0.018914473684210526,
    0.01750503018108652,
    0.01723089397932293,
    0.01844719237786337,
    0.01622596153846154,
    0.019168026101141926,
    0.0149812734082397
  ],
  "summary_stats": {
    "std": 14.160182331174992,
    "median": 46.0,
    "mean_readlength": 49.1313541627112
  },
  "dmg_3p": [
    0.03568075117370892,
    0.03722019781363873,
    0.024012930039251906,
    0.020366598778004074,
    0.020515058926233086,
    0.020330368487928845,
    0.01687486302870918,
    0.019562473706352546,
    0.018764022027330206,
    0.015391014975041598,
    0.016307756638093248,
    0.01760637182980507,
    0.01751014307068119,
    0.016938519447929738,
    0.02048841059602649,
    0.017470006314460114,
    0.01985932974762102,
    0.01626355296080067,
    0.017005391953546247,
    0.016400249117708116,
    0.017325163743925627,
    0.015335463258785943,
    0.016400425985090523,
    0.0136986301369863,
    0.01579713157347745
  ],
  "lendist_rv": {
    "30": 410,
    "31": 384,
    "32": 381,
    "33": 365,
    "34": 385,
    "35": 421,
    "36": 388,
    "37": 415,
    "38": 384,
    "39": 407,
    "40": 407,
    "41": 413,
    "42": 435,
    "43": 377,
    "44": 363,
    "45": 410,
    "46": 359,
    "47": 373,
    "48": 358,
    "49": 322,
    "50": 302,
    "51": 306,
    "52": 291,
    "53": 294,
    "54": 242,
    "55": 239,
    "56": 224,
    "57": 209,
    "58": 220,
    "59": 220,
    "60": 197,
    "61": 165,
    "62": 199,
    "63": 163,
    "64": 168,
    "65": 143,
    "66": 136,
    "67": 120,
    "68": 132,
    "69": 122,
    "70": 118,
    "71": 106,
    "72": 93,
    "73": 82,
    "74": 70,
    "75": 86,
    "76": 64,
    "77": 70,
    "78": 71,
    "79": 78,
    "80": 68,
    "81": 71,
    "82": 37,
    "83": 44,
    "84": 34,
    "85": 53,
    "86": 48,
    "87": 35,
    "88": 36,
    "89": 32,
    "90": 32,
    "91": 13
  }
}