{
  "metadata": {
    "tool_name": "DamageProfiler",
    "version": "1.1",
    "sample_name": "PcA018.ReedbuckBh_Human_nc.Target.rmdup.noMicro.bam"
  },
  "lendist_fw": {
    "30": 451,
    "31": 424,
    "32": 394,
    "33": 380,
    "34": 423,
    "35": 393,
    "36": 438,
    "37": 398,
    "38": 429,
    "39": 427,
    "40": 394,
    "41": 467,
    "42": 390,
    "43": 454,
    "44": 443,
    "45": 398,
    "46": 386,
    "47": 391,
    "48": 387,
    "49": 360,
    "50": 347,
    "51": 333,
    "52": 353,
    "53": 312,
    "54": 326,
    "55": 317,
    "56": 269,
    "57": 248,
    "58": 274,
    "59": 274,
    "60": 232,
    "61": 249,
    "62": 252,
    "63": 196,
    "64": 185,
    "65": 176,
    "66": 191,
    "67": 186,
    "68": 162,
    "69": 153,
    "70": 157,
    "71": 145,
    "72": 170,
    "73": 141,
    "74": 105,
    "75": 94,
    "76": 93,
    "77": 110,
    "78": 112,
    "79": 102,
    "80": 90,
    "81": 68,
    "82": 78,
    "83": 74,
    "84": 69,
    "85": 63,
    "86": 52,
    "87": 58,
    "88": 52,
    "89": 46,
    "90": 58,
    "91": 42
  },
  "dmg_5p": [
    0.03908311345646438,
    0.0277337559429477,
    0.0215,
    0.01728395061728395,
    0.015086206896551725,
    0.01972453664342799,
    0.01835985312117503,
    0.017250392054364874,
    0.01830460280789053,
    0.016274238227146815,
    0.01876398691685316,
    0.01910499139414802,
    0.013650151668351871,
    0.015601153128709513,
    0.014950445153704015,
    0.01733102253032929,
    0.01678082191780822,
    0.01712558764271323,
    0.01554585152838428,
    0.014591109602986088,
    0.02002396029436933,
    0.01662952168695354,
    0.01612064482579303,
    0.01716148961729878,
    0.015080603224128965
  ],
  "summary_stats": {
    "std": 14.759013131971642,
    "median": 48.0,
    "mean_readlength": 50.589621234716034
  },
  "dmg_3p": [
    0.03870802358369649,
    0.029166666666666667,
    0.02576021692814255,
    0.0212890625,
    0.019585030056234246,
    0.020496427228281308,
    0.019455252918287938,
    0.020182175388462224,
    0.017238283354282635,
    0.018606348048157608,
    0.0170018281535649,
    0.019420967451897142,
    0.018474043968224645,
    0.01809299800977022,
    0.017031193976335603,
    0.01810035842293907,
    0.0201765447667087,
    0.014202023788389846,
    0.013169603132229934,
    0.017351274787535412,
    0.01616341030195382,
    0.021403312860599294,
    0.020491046704818165,
    0.017476788640087382,
    0.01769436997319035
  ],
  "lendist_rv": {
    "30": 504,
    "31": 369,
    "32": 362,
    "33": 364,
    "34": 357,
    "35": 390,
    "36": 397,
    "37": 419,
    "38": 393,
    "39": 446,
    "40": 460,
    "41": 455,
    "42": 400,
    "43": 425,
    "44": 385,
    "45": 401,
    "46": 408,
    "47": 359,
    "48": 362,
    "49": 375,
    "50": 357,
    "51": 368,
    "52": 345,
    "53": 313,
    "54": 306,
    "55": 282,
    "56": 273,
    "57": 267,
    "58": 230,
    "59": 228,
    "60": 256,
    "61": 227,
    "62": 219,
    "63": 215,
    "64": 192,
    "65": 172,
    "66": 183,
    "67": 160,
    "68": 146,
    "69": 145,
    "70": 131,
    "71": 140,
    "72": 148,
    "73": 115,
    "74": 114,
    "75": 106,
    "76": 105,
    "77": 108,
    "78": 101,
    "79": 86,
    "80": 85,
    "81": 85,
    "82": 74,
    "83": 66,
    "84": 73,
    "85": 48,
    "86": 65,
    "87": 69,
    "88": 48,
    "89": 44,
    "90": 47,
    "91": 39
  }
}