{
  "metadata": {
    "tool_name": "DamageProfiler",
    "version": "1.1",
    "sample_name": "ScA042.BuffaloCape_Human_nc.Target.rmdup.noMicro.bam"
  },
  "lendist_fw": {
    "30": 10780,
    "31": 11246,
    "32": 11795,
    "33": 11777,
    "34": 11892,
    "35": 11980,
    "36": 11797,
    "37": 11883,
    "38": 11635,
    "39": 11367,
    "40": 10805,
    "41": 10851,
    "42": 10588,
    "43": 10124,
    "44": 9672,
    "45": 9091,
    "46": 8656,
    "47": 8192,
    "48": 7866,
    "49": 7488,
    "50": 7093,
    "51": 6614,
    "52": 6223,
    "53": 5929,
    "54": 5599,
    "55": 5156,
    "56": 4812,
    "57": 4593,
    "58": 4310,
    "59": 3999,
    "60": 3741,
    "61": 3542,
    "62": 3241,
    "63": 3030,
    "64": 2827,
    "65": 2660,
    "66": 2530,
    "67": 2379,
    "68": 2138,
    "69": 1984,
    "70": 1924,
    "71": 1785,
    "72": 1567,
    "73": 1527,
    "74": 1441,
    "75": 1307,
    "76": 1212,
    "77": 1164,
    "78": 1062,
    "79": 1028,
    "80": 977,
    "81": 832,
    "82": 857,
    "83": 773,
    "84": 692,
    "85": 657,
    "86": 645,
    "87": 596,
    "88": 519,
    "89": 504,
    "90": 460,
    "91": 440
  },
  "dmg_5p": [
    0.0412548242494946,
    0.01293118888132679,
    0.009928936707179386,
    0.0077483520296056435,
    0.007591712788362639,
    0.00674432863274065,
    0.006266883672544841,
    0.006379085410277698,
    0.006236008954269267,
    0.006194727356553083,
    0.005390343821007414,
    0.005153588348976214,
    0.005143504593288175,
    0.005412841782880352,
    0.005056350398515928,
    0.005673390985792208,
    0.00532994923857868,
    0.005174591533227397,
    0.005440598629230555,
    0.005336415502655912,
    0.00499565418700805,
    0.005128205128205128,
    0.005394381948556016,
    0.0055154613753308455,
    0.005205330522015583
  ],
  "summary_stats": {
    "std": 13.046229621072749,
    "median": 43.0,
    "mean_readlength": 46.42469898230053
  },
  "dmg_3p": [
    0.008821653794373982,
    0.00708997808368598,
    0.005255567450872831,
    0.004476314645806171,
    0.004499647669097609,
    0.0040293947650895875,
    0.003690673856219895,
    0.003420240641274713,
    0.0035808964476528407,
    0.003766679249618408,
    0.0033161656936517942,
    0.003408182900379955,
    0.003491568234157938,
    0.0033885728419490477,
    0.0034536532793376824,
    0.003806710968906391,
    0.0033665093455277594,
    0.0037724114792599198,
    0.0036943386312885853,
    0.0033546037630616298,
    0.0034430305211161634,
    0.0031688955660090796,
    0.003758538418799229,
    0.0033831154009195553,
    0.003130463064601374
  ],
  "lendist_rv": {
    "30": 11029,
    "31": 11220,
    "32": 11568,
    "33": 11688,
    "34": 11913,
    "35": 11913,
    "36": 11915,
    "37": 11813,
    "38": 11568,
    "39": 11403,
    "40": 11025,
    "41": 10736,
    "42": 10376,
    "43": 9974,
    "44": 9508,
    "45": 9363,
    "46": 8861,
    "47": 8316,
    "48": 7703,
    "49": 7603,
    "50": 7025,
    "51": 6639,
    "52": 6358,
    "53": 5962,
    "54": 5478,
    "55": 5189,
    "56": 4911,
    "57": 4519,
    "58": 4274,
    "59": 3980,
    "60": 3817,
    "61": 3484,
    "62": 3263,
    "63": 3075,
    "64": 2779,
    "65": 2775,
    "66": 2559,
    "67": 2291,
    "68": 2119,
    "69": 2031,
    "70": 1900,
    "71": 1740,
    "72": 1614,
    "73": 1452,
    "74": 1456,
    "75": 1398,
    "76": 1264,
    "77": 1144,
    "78": 1059,
    "79": 966,
    "80": 900,
    "81": 869,
    "82": 827,
    "83": 806,
    "84": 759,
    "85": 688,
    "86": 627,
    "87": 550,
    "88": 545,
    "89": 496,
    "90": 486,
    "91": 406
  }
}