{
  "metadata": {
    "tool_name": "DamageProfiler",
    "version": "1.1",
    "sample_name": "PaA017.BuffaloCape_Human_nc.Target.rmdup.noMicro.bam"
  },
  "lendist_fw": {
    "30": 230,
    "31": 135,
    "32": 119,
    "33": 91,
    "34": 76,
    "35": 91,
    "36": 77,
    "37": 77,
    "38": 63,
    "39": 86,
    "40": 63,
    "41": 76,
    "42": 54,
    "43": 67,
    "44": 77,
    "45": 63,
    "46": 61,
    "47": 65,
    "48": 60,
    "49": 61,
    "50": 52,
    "51": 56,
    "52": 35,
    "53": 41,
    "54": 46,
    "55": 35,
    "56": 50,
    "57": 32,
    "58": 41,
    "59": 37,
    "60": 38,
    "61": 17,
    "62": 27,
    "63": 30,
    "64": 26,
    "65": 21,
    "66": 27,
    "67": 20,
    "68": 20,
    "69": 15,
    "70": 37,
    "71": 15,
    "72": 21,
    "73": 17,
    "74": 15,
    "75": 9,
    "76": 9,
    "77": 14,
    "78": 9,
    "79": 16,
    "80": 11,
    "81": 15,
    "82": 12,
    "83": 11,
    "84": 8,
    "85": 7,
    "86": 6,
    "87": 6,
    "88": 3,
    "89": 8,
    "90": 4,
    "91": 6
  },
  "dmg_5p": [
    0.14256825075834176,
    0.010964912280701754,
    0.016112789526686808,
    0.008687258687258687,
    0.0068560235063663075,
    0.007960199004975124,
    0.01044932079414838,
    0.006309148264984227,
    0.003045685279187817,
    0.009297520661157025,
    0.01053740779768177,
    0.013793103448275862,
    0.00408997955010225,
    0.006937561942517344,
    0.009635974304068522,
    0.009109311740890687,
    0.006147540983606557,
    0.005050505050505051,
    0.006060606060606061,
    0.007106598984771574,
    0.014909478168264111,
    0.0078125,
    0.009193054136874362,
    0.010256410256410256,
    0.013485477178423237
  ],
  "summary_stats": {
    "std": 14.975674877757587,
    "median": 43.0,
    "mean_readlength": 47.1130143362505
  },
  "dmg_3p": [
    0.027472527472527472,
    0.008368200836820083,
    0.005753739930955121,
    0.008284023668639054,
    0.01597051597051597,
    0.006593406593406593,
    0.011879049676025918,
    0.008254716981132075,
    0.006349206349206349,
    0.005649717514124294,
    0.013079667063020214,
    0.015789473684210527,
    0.013095238095238096,
    0.009782608695652175,
    0.006528835690968444,
    0.010180995475113122,
    0.007575757575757576,
    0.007478632478632479,
    0.013057671381936888,
    0.004419889502762431,
    0.012958963282937365,
    0.011235955056179775,
    0.005500550055005501,
    0.012074643249176729,
    0.00847457627118644
  ],
  "lendist_rv": {
    "30": 214,
    "31": 140,
    "32": 126,
    "33": 86,
    "34": 86,
    "35": 82,
    "36": 87,
    "37": 73,
    "38": 95,
    "39": 82,
    "40": 78,
    "41": 85,
    "42": 59,
    "43": 71,
    "44": 58,
    "45": 46,
    "46": 63,
    "47": 58,
    "48": 51,
    "49": 48,
    "50": 54,
    "51": 55,
    "52": 46,
    "53": 39,
    "54": 41,
    "55": 40,
    "56": 50,
    "57": 31,
    "58": 39,
    "59": 30,
    "60": 30,
    "61": 29,
    "62": 27,
    "63": 21,
    "64": 24,
    "65": 27,
    "66": 18,
    "67": 28,
    "68": 21,
    "69": 26,
    "70": 27,
    "71": 19,
    "72": 14,
    "73": 15,
    "74": 19,
    "75": 12,
    "76": 10,
    "77": 15,
    "78": 18,
    "79": 15,
    "80": 7,
    "81": 8,
    "82": 10,
    "83": 10,
    "84": 12,
    "85": 7,
    "86": 12,
    "87": 12,
    "88": 7,
    "89": 7,
    "90": 5,
    "91": 5
  }
}