{
  "metadata": {
    "tool_name": "DamageProfiler",
    "version": "1.1",
    "sample_name": "RxA001.ReedbuckBh_Human_nc.Target.rmdup.noMicro.bam"
  },
  "lendist_fw": {
    "69": 1,
    "71": 1,
    "87": 1,
    "30": 362,
    "31": 167,
    "32": 105,
    "33": 51,
    "34": 43,
    "98": 1,
    "35": 24,
    "36": 40,
    "37": 17,
    "38": 14,
    "39": 11,
    "40": 16,
    "41": 9,
    "42": 8,
    "43": 6,
    "44": 6,
    "45": 2,
    "46": 4,
    "47": 1,
    "48": 2,
    "113": 1,
    "50": 1,
    "51": 2,
    "52": 2,
    "53": 1,
    "56": 2,
    "57": 2,
    "59": 1,
    "60": 1,
    "61": 1
  },
  "dmg_5p": [
    0.055350553505535055,
    0.030303030303030304,
    0.0196078431372549,
    0.011730205278592375,
    0.00909090909090909,
    0.017142857142857144,
    0.02185792349726776,
    0.026936026936026935,
    0.012307692307692308,
    0.01238390092879257,
    0.020114942528735632,
    0.018018018018018018,
    0.01488095238095238,
    0.013937282229965157,
    0.022435897435897436,
    0.0056657223796034,
    0.015105740181268883,
    0.01875,
    0.011940298507462687,
    0.018691588785046728,
    0.01892744479495268,
    0.024390243902439025,
    0.01048951048951049,
    0.019736842105263157,
    0.015015015015015015
  ],
  "summary_stats": {
    "std": 9.240730702910044,
    "median": 31.0,
    "mean_readlength": 33.83413590155159
  },
  "dmg_3p": [
    0.037037037037037035,
    0.01597444089456869,
    0.03305785123966942,
    0.02857142857142857,
    0.03125,
    0.017804154302670624,
    0.030120481927710843,
    0.013114754098360656,
    0.020895522388059702,
    0.025559105431309903,
    0.025559105431309903,
    0.014792899408284023,
    0.010273972602739725,
    0.027692307692307693,
    0.023391812865497075,
    0.03133903133903134,
    0.016666666666666666,
    0.021341463414634148,
    0.014970059880239521,
    0.017123287671232876,
    0.01764705882352941,
    0.037037037037037035,
    0.01910828025477707,
    0.017391304347826087,
    0.014164305949008499
  ],
  "lendist_rv": {
    "64": 1,
    "65": 2,
    "66": 1,
    "68": 1,
    "71": 1,
    "74": 1,
    "77": 1,
    "81": 1,
    "87": 1,
    "30": 372,
    "31": 158,
    "32": 97,
    "33": 52,
    "34": 39,
    "98": 1,
    "35": 34,
    "36": 19,
    "37": 20,
    "38": 15,
    "39": 21,
    "40": 7,
    "41": 3,
    "42": 14,
    "43": 2,
    "44": 6,
    "45": 6,
    "46": 4,
    "47": 1,
    "49": 1,
    "50": 1,
    "51": 1,
    "54": 4,
    "55": 2,
    "57": 2,
    "186": 1,
    "61": 1
  }
}