{
  "metadata": {
    "tool_name": "DamageProfiler",
    "version": "1.1",
    "sample_name": "RmA041.GrysbokCape_Human_nc.Target.rmdup.noMicro.bam"
  },
  "lendist_fw": {
    "30": 175,
    "31": 99,
    "32": 66,
    "33": 59,
    "34": 31,
    "35": 43,
    "36": 47,
    "37": 44,
    "38": 36,
    "39": 40,
    "40": 61,
    "41": 58,
    "42": 37,
    "43": 43,
    "44": 53,
    "45": 44,
    "46": 47,
    "47": 59,
    "48": 41,
    "49": 50,
    "50": 38,
    "51": 43,
    "52": 45,
    "53": 45,
    "54": 40,
    "55": 28,
    "56": 38,
    "57": 35,
    "58": 26,
    "59": 31,
    "60": 18,
    "61": 34,
    "62": 27,
    "63": 30,
    "64": 29,
    "65": 22,
    "66": 23,
    "67": 24,
    "68": 25,
    "69": 21,
    "70": 19,
    "71": 15,
    "72": 13,
    "73": 9,
    "74": 19,
    "75": 15,
    "76": 16,
    "77": 9,
    "78": 8,
    "79": 10,
    "80": 19,
    "81": 10,
    "82": 12,
    "83": 10,
    "84": 12,
    "85": 13,
    "86": 6,
    "87": 3,
    "88": 7,
    "89": 5,
    "90": 1,
    "91": 7
  },
  "dmg_5p": [
    0.03464203233256351,
    0.014824797843665768,
    0.008985879332477536,
    0.007471980074719801,
    0.012239902080783354,
    0.0037688442211055275,
    0.006527415143603133,
    0.008141112618724558,
    0.006993006993006993,
    0.0050062578222778474,
    0.002512562814070352,
    0.01,
    0.00788436268068331,
    0.0026954177897574125,
    0.002484472049689441,
    0.003694581280788177,
    0.0072992700729927005,
    0.0012642225031605564,
    0.009055627425614488,
    0.006587615283267457,
    0.009186351706036745,
    0.002688172043010753,
    0.004120879120879121,
    0.005194805194805195,
    0.006693440428380187
  ],
  "summary_stats": {
    "std": 15.664500440139943,
    "median": 47.0,
    "mean_readlength": 49.77087332053699
  },
  "dmg_3p": [
    0.010101010101010102,
    0.012461059190031152,
    0.004601226993865031,
    0.004524886877828055,
    0.0107095046854083,
    0.0,
    0.004178272980501393,
    0.004137931034482759,
    0.008141112618724558,
    0.002564102564102564,
    0.00648508430609598,
    0.00425531914893617,
    0.0012970168612191958,
    0.005249343832020997,
    0.0026666666666666666,
    0.0,
    0.0027397260273972603,
    0.005376344086021506,
    0.001349527665317139,
    0.0013245033112582781,
    0.00410958904109589,
    0.002607561929595828,
    0.004037685060565276,
    0.0,
    0.0026455026455026454
  ],
  "lendist_rv": {
    "30": 154,
    "31": 90,
    "32": 61,
    "33": 51,
    "34": 45,
    "35": 65,
    "36": 36,
    "37": 47,
    "38": 53,
    "39": 40,
    "40": 54,
    "41": 60,
    "42": 52,
    "43": 54,
    "44": 41,
    "45": 57,
    "46": 54,
    "47": 45,
    "48": 46,
    "49": 49,
    "50": 42,
    "51": 46,
    "52": 48,
    "53": 37,
    "54": 28,
    "55": 34,
    "56": 39,
    "57": 23,
    "58": 31,
    "59": 46,
    "60": 26,
    "61": 20,
    "62": 34,
    "63": 32,
    "64": 25,
    "65": 27,
    "66": 20,
    "67": 27,
    "68": 16,
    "69": 22,
    "70": 12,
    "71": 17,
    "72": 27,
    "73": 17,
    "74": 25,
    "75": 11,
    "76": 21,
    "77": 13,
    "78": 6,
    "79": 13,
    "80": 9,
    "81": 9,
    "82": 13,
    "83": 17,
    "84": 12,
    "85": 9,
    "86": 8,
    "87": 8,
    "88": 6,
    "89": 5,
    "90": 8,
    "91": 8
  }
}