{
  "metadata": {
    "tool_name": "DamageProfiler",
    "version": "1.1",
    "sample_name": "PaA011.BuffaloCape_Human_nc.Target.rmdup.noMicro_SCR_090.bam"
  },
  "lendist_fw": {
    "32": 8,
    "33": 2,
    "34": 2,
    "35": 1,
    "40": 1,
    "45": 1,
    "30": 40,
    "31": 19
  },
  "dmg_5p": [
    0.024390243902439025,
    0.023255813953488372,
    0.0,
    0.0,
    0.06451612903225806,
    0.02564102564102564,
    0.02702702702702703,
    0.02564102564102564,
    0.025,
    0.0,
    0.05555555555555555,
    0.025,
    0.0,
    0.0,
    0.0,
    0.023809523809523808,
    0.02631578947368421,
    0.0,
    0.0,
    0.0,
    0.024390243902439025,
    0.02631578947368421,
    0.02,
    0.023809523809523808,
    0.030303030303030304
  ],
  "summary_stats": {
    "std": 15.400600365573814,
    "median": 31.0,
    "mean_readlength": 34.35
  },
  "dmg_3p": [
    0.025,
    0.045454545454545456,
    0.05405405405405406,
    0.0,
    0.023809523809523808,
    0.02564102564102564,
    0.047619047619047616,
    0.06666666666666667,
    0.029411764705882353,
    0.02857142857142857,
    0.027777777777777776,
    0.034482758620689655,
    0.0,
    0.0425531914893617,
    0.023809523809523808,
    0.05263157894736842,
    0.05555555555555555,
    0.0,
    0.034482758620689655,
    0.02857142857142857,
    0.046511627906976744,
    0.07317073170731707,
    0.08888888888888889,
    0.027777777777777776,
    0.0
  ],
  "lendist_rv": {
    "32": 9,
    "33": 6,
    "34": 2,
    "35": 3,
    "39": 1,
    "106": 1,
    "43": 1,
    "46": 1,
    "52": 1,
    "152": 1,
    "57": 1,
    "30": 38,
    "31": 20
  }
}