{
  "metadata": {
    "tool_name": "DamageProfiler",
    "version": "1.1",
    "sample_name": "ScA036.BuffaloCape_Human_nc.Target.rmdup.noMicro.bam"
  },
  "lendist_fw": {
    "32": 14,
    "33": 7,
    "49": 1,
    "34": 5,
    "35": 4,
    "36": 4,
    "37": 1,
    "53": 1,
    "43": 1,
    "30": 102,
    "31": 48
  },
  "dmg_5p": [
    0.0,
    0.03614457831325301,
    0.0425531914893617,
    0.025,
    0.0,
    0.014492753623188406,
    0.013513513513513514,
    0.011764705882352941,
    0.03488372093023256,
    0.0,
    0.0,
    0.02531645569620253,
    0.013157894736842105,
    0.011363636363636364,
    0.04040404040404041,
    0.031914893617021274,
    0.0,
    0.02127659574468085,
    0.022222222222222223,
    0.020618556701030927,
    0.013333333333333334,
    0.01282051282051282,
    0.014084507042253521,
    0.0,
    0.04819277108433735
  ],
  "summary_stats": {
    "std": 3.464505784406797,
    "median": 30.0,
    "mean_readlength": 31.52511415525114
  },
  "dmg_3p": [
    0.1111111111111111,
    0.06666666666666667,
    0.0,
    0.01818181818181818,
    0.017241379310344827,
    0.04285714285714286,
    0.024691358024691357,
    0.015625,
    0.01694915254237288,
    0.012987012987012988,
    0.0,
    0.015873015873015872,
    0.029850746268656716,
    0.013888888888888888,
    0.03389830508474576,
    0.03389830508474576,
    0.0,
    0.029850746268656716,
    0.015384615384615385,
    0.014492753623188406,
    0.06451612903225806,
    0.03389830508474576,
    0.0136986301369863,
    0.012345679012345678,
    0.014925373134328358
  ],
  "lendist_rv": {
    "32": 22,
    "33": 5,
    "34": 6,
    "35": 4,
    "51": 1,
    "36": 1,
    "37": 2,
    "54": 1,
    "42": 2,
    "43": 1,
    "30": 123,
    "31": 59
  }
}