{
  "metadata": {
    "tool_name": "DamageProfiler",
    "version": "1.1",
    "sample_name": "ToA004.ElandCommon_Human_nc.Target.rmdup.noMicro.bam"
  },
  "lendist_fw": {
    "32": 5,
    "33": 5,
    "34": 2,
    "66": 1,
    "35": 1,
    "37": 1,
    "69": 1,
    "38": 1,
    "40": 2,
    "48": 1,
    "50": 1,
    "51": 1,
    "55": 1,
    "30": 28,
    "31": 20
  },
  "dmg_5p": [
    0.07317073170731707,
    0.034482758620689655,
    0.03225806451612903,
    0.02857142857142857,
    0.03125,
    0.0,
    0.0,
    0.0,
    0.05128205128205128,
    0.0,
    0.06060606060606061,
    0.02857142857142857,
    0.0,
    0.025,
    0.034482758620689655,
    0.0,
    0.0,
    0.03225806451612903,
    0.0,
    0.0,
    0.0,
    0.0,
    0.0,
    0.034482758620689655,
    0.043478260869565216
  ],
  "summary_stats": {
    "std": 23.45266551545562,
    "median": 31.0,
    "mean_readlength": 36.47953216374268
  },
  "dmg_3p": [
    0.0,
    0.0,
    0.0,
    0.05,
    0.038461538461538464,
    0.0,
    0.0,
    0.0,
    0.0,
    0.06666666666666667,
    0.0,
    0.07407407407407407,
    0.02631578947368421,
    0.05,
    0.0,
    0.0,
    0.047619047619047616,
    0.03125,
    0.0,
    0.0,
    0.0,
    0.0,
    0.034482758620689655,
    0.07692307692307693,
    0.027777777777777776
  ],
  "lendist_rv": {
    "32": 7,
    "33": 2,
    "34": 3,
    "35": 1,
    "67": 1,
    "37": 1,
    "43": 1,
    "59": 1,
    "237": 1,
    "30": 37,
    "31": 19
  }
}