{
  "metadata": {
    "tool_name": "DamageProfiler",
    "version": "1.1",
    "sample_name": "ToA035.ElandCommon_Human_nc.Target.rmdup.noMicro.bam"
  },
  "lendist_fw": {
    "69": 1,
    "70": 1,
    "71": 1,
    "76": 1,
    "78": 1,
    "30": 118,
    "31": 50,
    "32": 24,
    "33": 7,
    "34": 4,
    "35": 3,
    "37": 3,
    "38": 2,
    "40": 1,
    "41": 2,
    "42": 4,
    "43": 1,
    "44": 1,
    "45": 1,
    "46": 2,
    "47": 2,
    "48": 1,
    "49": 2,
    "50": 1,
    "55": 1,
    "56": 1,
    "57": 1,
    "58": 2,
    "62": 1
  },
  "dmg_5p": [
    0.024,
    0.037383177570093455,
    0.03875968992248062,
    0.0,
    0.022222222222222223,
    0.04040404040404041,
    0.01020408163265306,
    0.01,
    0.0,
    0.04081632653061224,
    0.05154639175257732,
    0.0,
    0.0297029702970297,
    0.044444444444444446,
    0.00980392156862745,
    0.018018018018018018,
    0.019801980198019802,
    0.03773584905660377,
    0.0,
    0.027522935779816515,
    0.009009009009009009,
    0.0,
    0.0,
    0.027522935779816515,
    0.02857142857142857
  ],
  "summary_stats": {
    "std": 10.331340312774456,
    "median": 31.0,
    "mean_readlength": 35.386281588447645
  },
  "dmg_3p": [
    0.02531645569620253,
    0.023809523809523808,
    0.033707865168539325,
    0.03125,
    0.010309278350515464,
    0.020833333333333332,
    0.0196078431372549,
    0.023255813953488372,
    0.014084507042253521,
    0.017857142857142856,
    0.03571428571428571,
    0.02040816326530612,
    0.02040816326530612,
    0.019801980198019802,
    0.0,
    0.009174311926605505,
    0.009708737864077669,
    0.009900990099009901,
    0.018867924528301886,
    0.04424778761061947,
    0.037383177570093455,
    0.01904761904761905,
    0.031578947368421054,
    0.02,
    0.03333333333333333
  ],
  "lendist_rv": {
    "65": 1,
    "67": 1,
    "71": 2,
    "75": 1,
    "79": 1,
    "84": 1,
    "30": 122,
    "31": 47,
    "32": 17,
    "33": 7,
    "34": 6,
    "35": 6,
    "36": 5,
    "37": 2,
    "38": 3,
    "39": 4,
    "40": 1,
    "41": 4,
    "42": 5,
    "43": 1,
    "44": 4,
    "45": 2,
    "46": 1,
    "47": 1,
    "49": 2,
    "50": 1,
    "51": 1,
    "53": 2,
    "54": 1,
    "61": 1,
    "63": 1
  }
}