{
  "metadata": {
    "tool_name": "DamageProfiler",
    "version": "1.1",
    "sample_name": "ScA039.BuffaloCape_Human_nc.Target.rmdup.noMicro.bam"
  },
  "lendist_fw": {
    "30": 816,
    "31": 841,
    "32": 810,
    "33": 818,
    "34": 812,
    "35": 863,
    "36": 898,
    "37": 884,
    "38": 851,
    "39": 862,
    "40": 802,
    "41": 899,
    "42": 829,
    "43": 792,
    "44": 790,
    "45": 698,
    "46": 668,
    "47": 704,
    "48": 665,
    "49": 623,
    "50": 656,
    "51": 610,
    "52": 549,
    "53": 542,
    "54": 494,
    "55": 457,
    "56": 443,
    "57": 424,
    "58": 456,
    "59": 409,
    "60": 389,
    "61": 369,
    "62": 319,
    "63": 273,
    "64": 283,
    "65": 262,
    "66": 284,
    "67": 225,
    "68": 217,
    "69": 227,
    "70": 179,
    "71": 172,
    "72": 160,
    "73": 157,
    "74": 158,
    "75": 144,
    "76": 135,
    "77": 116,
    "78": 105,
    "79": 124,
    "80": 101,
    "81": 87,
    "82": 68,
    "83": 75,
    "84": 73,
    "85": 74,
    "86": 57,
    "87": 53,
    "88": 56,
    "89": 47,
    "90": 50,
    "91": 46
  },
  "dmg_5p": [
    0.07844932844932845,
    0.01429889298892989,
    0.006414825374198147,
    0.00608149199270221,
    0.006928171166581763,
    0.004717464875397395,
    0.005336402636810715,
    0.00445943006308462,
    0.004229223937407486,
    0.005537561383345523,
    0.003643556110764106,
    0.004132231404958678,
    0.004072256447739376,
    0.004068857589984351,
    0.005046863734679163,
    0.004048162756902636,
    0.004707112970711297,
    0.005635566687539136,
    0.0044524541503233326,
    0.0064089094347552006,
    0.004923012464648581,
    0.005281504172388297,
    0.003564688613965192,
    0.00546448087431694,
    0.00524512952258617
  ],
  "summary_stats": {
    "std": 13.649129810136763,
    "median": 45.0,
    "mean_readlength": 48.11924213454244
  },
  "dmg_3p": [
    0.013287222424463051,
    0.00930922827846735,
    0.005836807623585467,
    0.006968215158924205,
    0.00480149900456728,
    0.0039392234102419805,
    0.0041785792830437655,
    0.004793550495696699,
    0.0029079159935379646,
    0.004081632653061225,
    0.003930560104814936,
    0.0040397423299486845,
    0.004697400043696745,
    0.003177733946964716,
    0.0043454644215100485,
    0.003925417075564278,
    0.003737085073642559,
    0.0034778828388218673,
    0.0036375661375661374,
    0.0036204059243006032,
    0.002704749540192578,
    0.00333000333000333,
    0.003318217011392545,
    0.004206212251941329,
    0.004434349989184512
  ],
  "lendist_rv": {
    "30": 819,
    "31": 732,
    "32": 835,
    "33": 852,
    "34": 795,
    "35": 820,
    "36": 860,
    "37": 879,
    "38": 838,
    "39": 893,
    "40": 837,
    "41": 833,
    "42": 762,
    "43": 763,
    "44": 732,
    "45": 734,
    "46": 681,
    "47": 688,
    "48": 641,
    "49": 627,
    "50": 566,
    "51": 615,
    "52": 542,
    "53": 536,
    "54": 497,
    "55": 449,
    "56": 430,
    "57": 418,
    "58": 378,
    "59": 400,
    "60": 370,
    "61": 354,
    "62": 329,
    "63": 310,
    "64": 300,
    "65": 292,
    "66": 270,
    "67": 228,
    "68": 236,
    "69": 212,
    "70": 197,
    "71": 174,
    "72": 169,
    "73": 156,
    "74": 145,
    "75": 126,
    "76": 127,
    "77": 126,
    "78": 107,
    "79": 126,
    "80": 93,
    "81": 94,
    "82": 87,
    "83": 80,
    "84": 73,
    "85": 66,
    "86": 73,
    "87": 46,
    "88": 47,
    "89": 51,
    "90": 46,
    "91": 41
  }
}