{
  "metadata": {
    "tool_name": "DamageProfiler",
    "version": "1.1",
    "sample_name": "ToA034.ElandCommon_Human_nc.Target.rmdup.noMicro.bam"
  },
  "lendist_fw": {
    "64": 1,
    "68": 1,
    "69": 1,
    "70": 1,
    "72": 1,
    "77": 2,
    "80": 1,
    "83": 3,
    "87": 1,
    "90": 2,
    "30": 18,
    "31": 7,
    "32": 4,
    "37": 1,
    "42": 2,
    "46": 1,
    "48": 3,
    "49": 1,
    "51": 1,
    "52": 1,
    "53": 3,
    "54": 1,
    "56": 1,
    "58": 1,
    "59": 3,
    "61": 1,
    "62": 1
  },
  "dmg_5p": [
    0.043478260869565216,
    0.0,
    0.047619047619047616,
    0.0,
    0.047619047619047616,
    0.0,
    0.0,
    0.10526315789473684,
    0.0,
    0.0,
    0.0967741935483871,
    0.043478260869565216,
    0.03225806451612903,
    0.0,
    0.0,
    0.043478260869565216,
    0.0,
    0.0,
    0.0,
    0.047619047619047616,
    0.05263157894736842,
    0.0,
    0.0,
    0.037037037037037035,
    0.041666666666666664
  ],
  "summary_stats": {
    "std": 18.91875446270978,
    "median": 48.0,
    "mean_readlength": 49.907692307692315
  },
  "dmg_3p": [
    0.0,
    0.0,
    0.0,
    0.0,
    0.06666666666666667,
    0.11538461538461539,
    0.0,
    0.0,
    0.0,
    0.0,
    0.10526315789473684,
    0.041666666666666664,
    0.0,
    0.05555555555555555,
    0.0,
    0.0,
    0.037037037037037035,
    0.047619047619047616,
    0.058823529411764705,
    0.047619047619047616,
    0.0,
    0.0,
    0.0,
    0.0,
    0.19047619047619047
  ],
  "lendist_rv": {
    "66": 1,
    "67": 1,
    "68": 2,
    "71": 1,
    "74": 1,
    "75": 1,
    "77": 1,
    "79": 1,
    "82": 3,
    "86": 2,
    "87": 1,
    "30": 23,
    "31": 6,
    "32": 4,
    "33": 2,
    "34": 1,
    "36": 1,
    "39": 1,
    "41": 2,
    "43": 1,
    "46": 2,
    "47": 4,
    "48": 1,
    "51": 1,
    "54": 2,
    "55": 2,
    "56": 1,
    "57": 3,
    "59": 1,
    "61": 1
  }
}