{
  "metadata": {
    "tool_name": "DamageProfiler",
    "version": "1.1",
    "sample_name": "ScA025.BuffaloCape_Human_nc.Target.rmdup.noMicro.bam"
  },
  "lendist_fw": {
    "30": 340,
    "31": 237,
    "32": 211,
    "33": 153,
    "34": 181,
    "35": 173,
    "36": 169,
    "37": 133,
    "38": 164,
    "39": 155,
    "40": 157,
    "41": 133,
    "42": 152,
    "43": 134,
    "44": 138,
    "45": 128,
    "46": 116,
    "47": 130,
    "48": 104,
    "49": 85,
    "50": 103,
    "51": 69,
    "52": 77,
    "53": 71,
    "54": 62,
    "55": 67,
    "56": 49,
    "57": 43,
    "58": 61,
    "59": 44,
    "60": 38,
    "61": 31,
    "62": 36,
    "63": 29,
    "64": 36,
    "65": 24,
    "66": 27,
    "67": 25,
    "68": 21,
    "69": 18,
    "70": 22,
    "71": 13,
    "72": 13,
    "73": 7,
    "74": 17,
    "75": 15,
    "76": 12,
    "77": 13,
    "78": 11,
    "79": 7,
    "80": 6,
    "81": 2,
    "82": 4,
    "83": 9,
    "84": 6,
    "85": 8,
    "86": 2,
    "87": 5,
    "88": 5,
    "89": 4,
    "90": 4,
    "91": 2
  },
  "dmg_5p": [
    0.1184573002754821,
    0.01532567049808429,
    0.011313639220615965,
    0.003761755485893417,
    0.0043859649122807015,
    0.009380863039399626,
    0.005795235028976175,
    0.008807588075880758,
    0.0046204620462046205,
    0.005851755526657998,
    0.003861003861003861,
    0.00648508430609598,
    0.005552128315854411,
    0.005144694533762058,
    0.0043076923076923075,
    0.0025657472738935213,
    0.00726552179656539,
    0.003848620910840282,
    0.010329244673983214,
    0.0064061499039077515,
    0.008217446270543615,
    0.0045045045045045045,
    0.006570302233902759,
    0.006587615283267457,
    0.0051513200257566
  ],
  "summary_stats": {
    "std": 12.375570060521381,
    "median": 41.0,
    "mean_readlength": 44.08134785568369
  },
  "dmg_3p": [
    0.013468013468013467,
    0.015806988352745424,
    0.009737827715355805,
    0.008438818565400843,
    0.006891798759476223,
    0.006068779501011463,
    0.003399048266485384,
    0.005936675461741424,
    0.004765146358066712,
    0.005294506949040371,
    0.0032808398950131233,
    0.0045632333767926985,
    0.00337609723160027,
    0.00733822548365577,
    0.004,
    0.004024144869215292,
    0.0013477088948787063,
    0.006224066390041493,
    0.004654255319148936,
    0.001973684210526316,
    0.0045662100456621,
    0.005092297899427116,
    0.003931847968545216,
    0.009589041095890411,
    0.007518796992481203
  ],
  "lendist_rv": {
    "30": 306,
    "31": 243,
    "32": 196,
    "33": 184,
    "34": 180,
    "35": 182,
    "36": 168,
    "37": 163,
    "38": 187,
    "39": 164,
    "40": 157,
    "41": 142,
    "42": 136,
    "43": 153,
    "44": 126,
    "45": 105,
    "46": 117,
    "47": 103,
    "48": 95,
    "49": 95,
    "50": 85,
    "51": 97,
    "52": 81,
    "53": 84,
    "54": 57,
    "55": 54,
    "56": 70,
    "57": 59,
    "58": 46,
    "59": 50,
    "60": 46,
    "61": 43,
    "62": 38,
    "63": 25,
    "64": 26,
    "65": 28,
    "66": 24,
    "67": 22,
    "68": 23,
    "69": 21,
    "70": 16,
    "71": 13,
    "72": 13,
    "73": 8,
    "74": 15,
    "75": 14,
    "76": 18,
    "77": 9,
    "78": 14,
    "79": 7,
    "80": 10,
    "81": 1,
    "82": 7,
    "83": 3,
    "84": 15,
    "85": 3,
    "86": 7,
    "87": 3,
    "88": 3,
    "89": 6,
    "90": 3,
    "91": 10
  }
}