{
  "metadata": {
    "tool_name": "DamageProfiler",
    "version": "1.1",
    "sample_name": "PcA019.ReedbuckBh_Human_nc.Target.rmdup.noMicro.bam"
  },
  "lendist_fw": {
    "80": 1,
    "83": 1,
    "84": 1,
    "30": 232,
    "31": 104,
    "32": 53,
    "33": 17,
    "34": 6,
    "35": 10,
    "36": 4,
    "37": 4,
    "38": 3,
    "39": 3,
    "40": 2,
    "41": 2,
    "42": 3,
    "43": 3,
    "44": 2,
    "45": 1,
    "48": 2,
    "49": 4,
    "50": 1,
    "51": 1,
    "52": 1,
    "53": 2,
    "54": 1,
    "57": 3,
    "59": 1,
    "60": 1
  },
  "dmg_5p": [
    0.02912621359223301,
    0.02857142857142857,
    0.025380710659898477,
    0.02631578947368421,
    0.014423076923076924,
    0.011299435028248588,
    0.015228426395939087,
    0.029556650246305417,
    0.019230769230769232,
    0.016304347826086956,
    0.037037037037037035,
    0.011494252873563218,
    0.0273224043715847,
    0.041025641025641026,
    0.041176470588235294,
    0.022222222222222223,
    0.015706806282722512,
    0.010638297872340425,
    0.02617801047120419,
    0.010526315789473684,
    0.021739130434782608,
    0.0,
    0.023255813953488372,
    0.020942408376963352,
    0.015306122448979591
  ],
  "summary_stats": {
    "std": 6.994790226678511,
    "median": 31.0,
    "mean_readlength": 32.95876288659795
  },
  "dmg_3p": [
    0.07920792079207921,
    0.03361344537815126,
    0.034722222222222224,
    0.0440251572327044,
    0.043209876543209874,
    0.012121212121212121,
    0.02040816326530612,
    0.05263157894736842,
    0.05172413793103448,
    0.06470588235294118,
    0.034482758620689655,
    0.03488372093023256,
    0.02,
    0.04294478527607362,
    0.03636363636363636,
    0.03763440860215054,
    0.026490066225165563,
    0.023668639053254437,
    0.006211180124223602,
    0.013071895424836602,
    0.03825136612021858,
    0.024844720496894408,
    0.03125,
    0.020833333333333332,
    0.028735632183908046
  ],
  "lendist_rv": {
    "70": 1,
    "30": 247,
    "31": 91,
    "32": 31,
    "33": 21,
    "34": 15,
    "35": 1,
    "36": 8,
    "37": 6,
    "38": 3,
    "39": 4,
    "41": 3,
    "42": 2,
    "44": 1,
    "45": 1,
    "46": 1,
    "47": 1,
    "51": 1,
    "52": 1,
    "53": 1,
    "54": 2,
    "55": 1,
    "58": 2,
    "60": 1,
    "61": 1
  }
}