{
  "metadata": {
    "tool_name": "DamageProfiler",
    "version": "1.1",
    "sample_name": "ScA047.BuffaloCape_Human_nc.Target.rmdup.noMicro.bam"
  },
  "lendist_fw": {
    "30": 5068,
    "31": 5386,
    "32": 5730,
    "33": 6016,
    "34": 6480,
    "35": 6957,
    "36": 7035,
    "37": 7173,
    "38": 7539,
    "39": 7780,
    "40": 7851,
    "41": 8320,
    "42": 8375,
    "43": 8339,
    "44": 8479,
    "45": 8407,
    "46": 8648,
    "47": 8573,
    "48": 8825,
    "49": 8700,
    "50": 8873,
    "51": 8858,
    "52": 8815,
    "53": 8838,
    "54": 8606,
    "55": 8610,
    "56": 8659,
    "57": 8488,
    "58": 8577,
    "59": 8280,
    "60": 8360,
    "61": 8024,
    "62": 7982,
    "63": 7935,
    "64": 7895,
    "65": 7736,
    "66": 7528,
    "67": 7358,
    "68": 7372,
    "69": 7298,
    "70": 6941,
    "71": 6874,
    "72": 6759,
    "73": 6573,
    "74": 6296,
    "75": 6389,
    "76": 6146,
    "77": 5855,
    "78": 5905,
    "79": 5704,
    "80": 5403,
    "81": 5411,
    "82": 5242,
    "83": 5029,
    "84": 4929,
    "85": 4792,
    "86": 4764,
    "87": 4499,
    "88": 4393,
    "89": 4204,
    "90": 4134,
    "91": 4081
  },
  "dmg_5p": [
    0.014649874491474075,
    0.010557373466327503,
    0.0073950740342690405,
    0.006134408663567095,
    0.005521441027942354,
    0.005142311794756638,
    0.00479790056194198,
    0.0050275818727742476,
    0.004788391496095977,
    0.004698760449697319,
    0.004602570340899333,
    0.005029063703352897,
    0.004878792498856533,
    0.0045948912957367105,
    0.004515480430078211,
    0.004672711252593582,
    0.004666194188518781,
    0.00454383816033822,
    0.004929308586114736,
    0.005019801587526416,
    0.005032530093169814,
    0.004887974446124291,
    0.004750242910148815,
    0.004912021376389323,
    0.005002823714639392
  ],
  "summary_stats": {
    "std": 16.41079858925655,
    "median": 57.0,
    "mean_readlength": 58.274413534679475
  },
  "dmg_3p": [
    0.008073138606957466,
    0.00805231935802435,
    0.005469291427072993,
    0.00481441702467779,
    0.0042371313325685524,
    0.004131061851510608,
    0.003965031290307171,
    0.0035259468204256023,
    0.0036963119545578007,
    0.003664408619916444,
    0.0035918733864631273,
    0.003585157799925824,
    0.0035363993995241286,
    0.003840941237741834,
    0.0037336024217961656,
    0.0038894865641292396,
    0.0036742518371259184,
    0.003511650416676503,
    0.003943109949820363,
    0.003487353164077302,
    0.0034519321394910463,
    0.003509454884335445,
    0.003951685935055923,
    0.003556099829848866,
    0.003665090599395025
  ],
  "lendist_rv": {
    "30": 5194,
    "31": 5446,
    "32": 5866,
    "33": 6206,
    "34": 6538,
    "35": 6685,
    "36": 7064,
    "37": 7446,
    "38": 7550,
    "39": 7633,
    "40": 8031,
    "41": 8208,
    "42": 8398,
    "43": 8366,
    "44": 8622,
    "45": 8672,
    "46": 8568,
    "47": 8508,
    "48": 8883,
    "49": 8721,
    "50": 8799,
    "51": 8923,
    "52": 8799,
    "53": 8698,
    "54": 8714,
    "55": 8658,
    "56": 8551,
    "57": 8436,
    "58": 8477,
    "59": 8369,
    "60": 8236,
    "61": 8208,
    "62": 8062,
    "63": 7897,
    "64": 7824,
    "65": 7870,
    "66": 7651,
    "67": 7589,
    "68": 7309,
    "69": 7194,
    "70": 6985,
    "71": 6953,
    "72": 6757,
    "73": 6755,
    "74": 6418,
    "75": 6367,
    "76": 6157,
    "77": 5996,
    "78": 5647,
    "79": 5774,
    "80": 5523,
    "81": 5352,
    "82": 5214,
    "83": 5123,
    "84": 4881,
    "85": 4790,
    "86": 4621,
    "87": 4575,
    "88": 4312,
    "89": 4238,
    "90": 4124,
    "91": 4051
  }
}