{
  "metadata": {
    "tool_name": "DamageProfiler",
    "version": "1.1",
    "sample_name": "PcA006.ReedbuckBh_Human_nc.Target.rmdup.noMicro.bam"
  },
  "lendist_fw": {
    "32": 8,
    "33": 2,
    "34": 1,
    "35": 2,
    "36": 1,
    "37": 1,
    "101": 1,
    "39": 1,
    "71": 1,
    "41": 2,
    "42": 3,
    "43": 4,
    "45": 1,
    "46": 1,
    "110": 1,
    "47": 3,
    "81": 1,
    "85": 1,
    "54": 1,
    "56": 1,
    "30": 25,
    "31": 9
  },
  "dmg_5p": [
    0.03125,
    0.047619047619047616,
    0.024390243902439025,
    0.034482758620689655,
    0.038461538461538464,
    0.02702702702702703,
    0.030303030303030304,
    0.0,
    0.029411764705882353,
    0.0,
    0.06896551724137931,
    0.0,
    0.0,
    0.1,
    0.0625,
    0.0,
    0.037037037037037035,
    0.0,
    0.0,
    0.0,
    0.029411764705882353,
    0.08,
    0.0,
    0.0,
    0.0
  ],
  "summary_stats": {
    "std": 14.893243886780795,
    "median": 32.0,
    "mean_readlength": 39.0054347826087
  },
  "dmg_3p": [
    0.14285714285714285,
    0.0,
    0.043478260869565216,
    0.05555555555555555,
    0.0,
    0.0,
    0.0,
    0.0,
    0.0,
    0.058823529411764705,
    0.0,
    0.0,
    0.0,
    0.058823529411764705,
    0.0,
    0.0,
    0.0,
    0.0,
    0.0,
    0.0,
    0.0,
    0.03225806451612903,
    0.0,
    0.038461538461538464,
    0.03571428571428571
  ],
  "lendist_rv": {
    "32": 8,
    "33": 2,
    "34": 6,
    "35": 2,
    "36": 3,
    "37": 1,
    "69": 2,
    "42": 2,
    "45": 2,
    "46": 1,
    "47": 2,
    "48": 2,
    "49": 1,
    "51": 1,
    "52": 1,
    "30": 25,
    "31": 13
  }
}