{
  "metadata": {
    "tool_name": "DamageProfiler",
    "version": "1.1",
    "sample_name": "PcA021.ReedbuckBh_Human_nc.Target.rmdup.noMicro.bam"
  },
  "lendist_fw": {
    "30": 254,
    "31": 120,
    "32": 83,
    "33": 80,
    "34": 69,
    "35": 72,
    "36": 65,
    "37": 59,
    "38": 85,
    "39": 84,
    "40": 79,
    "41": 69,
    "42": 65,
    "43": 80,
    "44": 74,
    "45": 74,
    "46": 68,
    "47": 58,
    "48": 71,
    "49": 66,
    "50": 57,
    "51": 69,
    "52": 56,
    "53": 61,
    "54": 31,
    "55": 51,
    "56": 68,
    "57": 56,
    "58": 44,
    "59": 56,
    "60": 44,
    "61": 38,
    "62": 41,
    "63": 36,
    "64": 38,
    "65": 32,
    "66": 36,
    "67": 33,
    "68": 32,
    "69": 31,
    "70": 29,
    "71": 28,
    "72": 26,
    "73": 21,
    "74": 26,
    "75": 25,
    "76": 18,
    "77": 29,
    "78": 23,
    "79": 20,
    "80": 16,
    "81": 22,
    "82": 10,
    "83": 19,
    "84": 19,
    "85": 13,
    "86": 12,
    "87": 7,
    "88": 9,
    "89": 15,
    "90": 14,
    "91": 16
  },
  "dmg_5p": [
    0.08851674641148326,
    0.018050541516245487,
    0.022651006711409395,
    0.02040816326530612,
    0.022328548644338118,
    0.014604810996563574,
    0.020390070921985817,
    0.022747156605424323,
    0.01998262380538662,
    0.014037985136251032,
    0.014382402707275803,
    0.02528548123980424,
    0.02127659574468085,
    0.017632241813602016,
    0.013445378151260505,
    0.01014370245139476,
    0.011854360711261643,
    0.019182652210175146,
    0.011725293132328308,
    0.01380991064175467,
    0.022594142259414227,
    0.017346053772766695,
    0.017271157167530225,
    0.016088060965283656,
    0.016172506738544475
  ],
  "summary_stats": {
    "std": 15.709414502657816,
    "median": 47.0,
    "mean_readlength": 49.56797385620893
  },
  "dmg_3p": [
    0.046094750320102434,
    0.03538812785388128,
    0.025120772946859903,
    0.024193548387096774,
    0.02424830261881668,
    0.01841620626151013,
    0.025139664804469275,
    0.031044214487300093,
    0.019626168224299065,
    0.02123730378578024,
    0.0192131747483989,
    0.018604651162790697,
    0.02254283137962128,
    0.02072072072072072,
    0.024208566108007448,
    0.019792648444863337,
    0.020560747663551402,
    0.014414414414414415,
    0.018050541516245487,
    0.02295684113865932,
    0.01549053356282272,
    0.025454545454545455,
    0.017391304347826087,
    0.017479300827966882,
    0.02497687326549491
  ],
  "lendist_rv": {
    "30": 259,
    "31": 124,
    "32": 113,
    "33": 88,
    "34": 74,
    "35": 62,
    "36": 56,
    "37": 76,
    "38": 81,
    "39": 97,
    "40": 72,
    "41": 67,
    "42": 75,
    "43": 79,
    "44": 67,
    "45": 79,
    "46": 75,
    "47": 56,
    "48": 68,
    "49": 67,
    "50": 65,
    "51": 55,
    "52": 56,
    "53": 56,
    "54": 56,
    "55": 65,
    "56": 55,
    "57": 39,
    "58": 40,
    "59": 44,
    "60": 40,
    "61": 41,
    "62": 44,
    "63": 48,
    "64": 39,
    "65": 35,
    "66": 34,
    "67": 42,
    "68": 41,
    "69": 20,
    "70": 28,
    "71": 24,
    "72": 22,
    "73": 20,
    "74": 18,
    "75": 20,
    "76": 18,
    "77": 19,
    "78": 18,
    "79": 21,
    "80": 17,
    "81": 14,
    "82": 15,
    "83": 12,
    "84": 7,
    "85": 11,
    "86": 8,
    "87": 13,
    "88": 12,
    "89": 5,
    "90": 7,
    "91": 15
  }
}