{
  "metadata": {
    "tool_name": "DamageProfiler",
    "version": "1.1",
    "sample_name": "ScA012.BuffaloCape_Human_nc.Target.rmdup.noMicro.bam"
  },
  "lendist_fw": {
    "30": 707,
    "31": 686,
    "32": 704,
    "33": 591,
    "34": 671,
    "35": 636,
    "36": 637,
    "37": 642,
    "38": 598,
    "39": 630,
    "40": 573,
    "41": 519,
    "42": 517,
    "43": 493,
    "44": 450,
    "45": 405,
    "46": 395,
    "47": 373,
    "48": 362,
    "49": 329,
    "50": 307,
    "51": 278,
    "52": 226,
    "53": 279,
    "54": 227,
    "55": 222,
    "56": 182,
    "57": 179,
    "58": 172,
    "59": 135,
    "60": 136,
    "61": 131,
    "62": 120,
    "63": 96,
    "64": 103,
    "65": 94,
    "66": 91,
    "67": 76,
    "68": 62,
    "69": 69,
    "70": 56,
    "71": 56,
    "72": 48,
    "73": 53,
    "74": 52,
    "75": 36,
    "76": 36,
    "77": 34,
    "78": 31,
    "79": 33,
    "80": 20,
    "81": 19,
    "82": 18,
    "83": 25,
    "84": 12,
    "85": 23,
    "86": 15,
    "87": 9,
    "88": 13,
    "89": 20,
    "90": 8,
    "91": 9
  },
  "dmg_5p": [
    0.049572317262830484,
    0.015599343185550082,
    0.007670720299345182,
    0.0079073188672306,
    0.006480648064806481,
    0.005470459518599562,
    0.004858904877592973,
    0.0041992746707386905,
    0.004686914135733034,
    0.004116766467065869,
    0.003306999816277788,
    0.003677822728944465,
    0.005120702267739576,
    0.004174573055028463,
    0.0038356164383561643,
    0.0030559050871831746,
    0.003329633740288568,
    0.0035815268614514608,
    0.005063765941485371,
    0.0037105751391465678,
    0.005916065816232206,
    0.004263997033741194,
    0.003954057616268123,
    0.005063765941485371,
    0.005470665912092058
  ],
  "summary_stats": {
    "std": 11.76697773186659,
    "median": 41.0,
    "mean_readlength": 43.972022491053465
  },
  "dmg_3p": [
    0.015037593984962405,
    0.009223674096848577,
    0.006128007262823422,
    0.00688616311598881,
    0.0029517183217372973,
    0.005107252298263534,
    0.005203121873123874,
    0.003988831272437176,
    0.004728132387706856,
    0.0039455513908068654,
    0.0041265474552957355,
    0.004845548152634767,
    0.003257992262268377,
    0.004994007191370355,
    0.004179936305732484,
    0.004762849771780115,
    0.002566633761105627,
    0.004147738494963461,
    0.003278056305437717,
    0.0033490937746256896,
    0.0039261876717707105,
    0.003656307129798903,
    0.004323899371069182,
    0.003993610223642172,
    0.0035608308605341245
  ],
  "lendist_rv": {
    "30": 735,
    "31": 658,
    "32": 659,
    "33": 637,
    "34": 656,
    "35": 634,
    "36": 639,
    "37": 637,
    "38": 621,
    "39": 574,
    "40": 566,
    "41": 509,
    "42": 523,
    "43": 421,
    "44": 427,
    "45": 458,
    "46": 380,
    "47": 363,
    "48": 347,
    "49": 344,
    "50": 289,
    "51": 297,
    "52": 240,
    "53": 239,
    "54": 216,
    "55": 197,
    "56": 181,
    "57": 188,
    "58": 165,
    "59": 147,
    "60": 138,
    "61": 128,
    "62": 110,
    "63": 115,
    "64": 100,
    "65": 81,
    "66": 67,
    "67": 73,
    "68": 80,
    "69": 78,
    "70": 52,
    "71": 59,
    "72": 42,
    "73": 47,
    "74": 37,
    "75": 41,
    "76": 30,
    "77": 25,
    "78": 28,
    "79": 21,
    "80": 33,
    "81": 21,
    "82": 27,
    "83": 14,
    "84": 14,
    "85": 17,
    "86": 13,
    "87": 9,
    "88": 13,
    "89": 11,
    "90": 9,
    "91": 12
  }
}