{
  "metadata": {
    "tool_name": "DamageProfiler",
    "version": "1.1",
    "sample_name": "PaA022.BuffaloCape_Human_nc.Target.rmdup.noMicro.bam"
  },
  "lendist_fw": {
    "30": 182,
    "31": 158,
    "32": 132,
    "33": 109,
    "34": 99,
    "35": 132,
    "36": 129,
    "37": 133,
    "38": 112,
    "39": 123,
    "40": 102,
    "41": 98,
    "42": 94,
    "43": 87,
    "44": 87,
    "45": 93,
    "46": 94,
    "47": 74,
    "48": 70,
    "49": 77,
    "50": 72,
    "51": 68,
    "52": 52,
    "53": 44,
    "54": 48,
    "55": 48,
    "56": 52,
    "57": 40,
    "58": 42,
    "59": 34,
    "60": 30,
    "61": 32,
    "62": 39,
    "63": 37,
    "64": 32,
    "65": 25,
    "66": 16,
    "67": 15,
    "68": 19,
    "69": 22,
    "70": 7,
    "71": 13,
    "72": 14,
    "73": 11,
    "74": 17,
    "75": 8,
    "76": 9,
    "77": 9,
    "78": 11,
    "79": 9,
    "80": 13,
    "81": 6,
    "82": 4,
    "83": 2,
    "84": 3,
    "85": 4,
    "86": 5,
    "87": 4,
    "88": 1,
    "89": 1,
    "91": 1
  },
  "dmg_5p": [
    0.21062271062271062,
    0.026078234704112337,
    0.013888888888888888,
    0.010194624652455977,
    0.011342155009451797,
    0.012037037037037037,
    0.007246376811594203,
    0.0058997050147492625,
    0.005484460694698354,
    0.0055658627087198514,
    0.006404391582799634,
    0.00945179584120983,
    0.003693444136657433,
    0.008325624421831638,
    0.007220216606498195,
    0.003626473254759746,
    0.011029411764705883,
    0.004608294930875576,
    0.008704061895551257,
    0.005905511811023622,
    0.0074418604651162795,
    0.009345794392523364,
    0.006329113924050633,
    0.004784688995215311,
    0.002785515320334262
  ],
  "summary_stats": {
    "std": 12.599422152010847,
    "median": 42.0,
    "mean_readlength": 45.249802994484064
  },
  "dmg_3p": [
    0.03614457831325301,
    0.010512483574244415,
    0.014317180616740088,
    0.007760532150776054,
    0.010067114093959731,
    0.019417475728155338,
    0.00631578947368421,
    0.0030241935483870967,
    0.008394543546694649,
    0.0064034151547491995,
    0.008324661810613945,
    0.006376195536663124,
    0.004305705059203444,
    0.0041753653444676405,
    0.007157464212678937,
    0.00597609561752988,
    0.006122448979591836,
    0.006185567010309278,
    0.007470651013874066,
    0.007345225603357817,
    0.010341261633919338,
    0.008113590263691683,
    0.010597302504816955,
    0.009109311740890687,
    0.004081632653061225
  ],
  "lendist_rv": {
    "30": 150,
    "31": 135,
    "32": 146,
    "33": 104,
    "34": 141,
    "35": 118,
    "36": 125,
    "37": 126,
    "38": 102,
    "39": 121,
    "40": 110,
    "41": 94,
    "42": 111,
    "43": 109,
    "44": 94,
    "45": 79,
    "46": 88,
    "47": 81,
    "48": 83,
    "49": 70,
    "50": 72,
    "51": 60,
    "52": 55,
    "53": 53,
    "54": 59,
    "55": 54,
    "56": 39,
    "57": 43,
    "58": 37,
    "59": 39,
    "60": 30,
    "61": 37,
    "62": 26,
    "63": 40,
    "64": 24,
    "65": 21,
    "66": 26,
    "67": 11,
    "68": 19,
    "69": 23,
    "70": 20,
    "71": 24,
    "72": 13,
    "73": 11,
    "74": 10,
    "75": 9,
    "76": 8,
    "77": 6,
    "78": 5,
    "79": 6,
    "80": 10,
    "81": 8,
    "82": 5,
    "83": 4,
    "84": 3,
    "85": 6,
    "86": 5,
    "87": 4,
    "88": 4,
    "90": 1,
    "91": 2
  }
}