{
  "metadata": {
    "tool_name": "DamageProfiler",
    "version": "1.1",
    "sample_name": "RmA039.GrysbokCape_Human_nc.Target.rmdup.noMicro.bam"
  },
  "lendist_fw": {
    "30": 157,
    "31": 111,
    "32": 64,
    "33": 49,
    "34": 48,
    "35": 33,
    "36": 50,
    "37": 41,
    "38": 57,
    "39": 54,
    "40": 51,
    "41": 38,
    "42": 38,
    "43": 43,
    "44": 55,
    "45": 40,
    "46": 34,
    "47": 37,
    "48": 30,
    "49": 38,
    "50": 38,
    "51": 21,
    "52": 28,
    "53": 30,
    "54": 32,
    "55": 27,
    "56": 21,
    "57": 19,
    "58": 16,
    "59": 18,
    "60": 19,
    "61": 15,
    "62": 20,
    "63": 13,
    "64": 9,
    "65": 11,
    "66": 15,
    "67": 9,
    "68": 11,
    "69": 10,
    "70": 9,
    "71": 7,
    "72": 8,
    "73": 8,
    "74": 8,
    "75": 7,
    "76": 6,
    "77": 4,
    "78": 6,
    "79": 4,
    "80": 4,
    "81": 8,
    "82": 6,
    "83": 4,
    "84": 7,
    "85": 1,
    "86": 1,
    "87": 4,
    "88": 1,
    "89": 1,
    "90": 2,
    "91": 5
  },
  "dmg_5p": [
    0.030595813204508857,
    0.019801980198019802,
    0.008680555555555556,
    0.0017921146953405018,
    0.0051813471502590676,
    0.006825938566552901,
    0.00338409475465313,
    0.005545286506469501,
    0.003656307129798903,
    0.007067137809187279,
    0.0067226890756302525,
    0.0035335689045936395,
    0.0033333333333333335,
    0.008976660682226212,
    0.001718213058419244,
    0.0035714285714285713,
    0.0034965034965034965,
    0.009900990099009901,
    0.010327022375215147,
    0.0035460992907801418,
    0.008445945945945946,
    0.005385996409335727,
    0.007366482504604052,
    0.004739336492890996,
    0.005084745762711864
  ],
  "summary_stats": {
    "std": 14.266464852576286,
    "median": 43.0,
    "mean_readlength": 46.06611831698804
  },
  "dmg_3p": [
    0.0,
    0.004454342984409799,
    0.00847457627118644,
    0.0,
    0.0038314176245210726,
    0.003745318352059925,
    0.0037105751391465678,
    0.003676470588235294,
    0.008865248226950355,
    0.0016778523489932886,
    0.0036900369003690036,
    0.007462686567164179,
    0.006012024048096192,
    0.007633587786259542,
    0.007155635062611807,
    0.0035398230088495575,
    0.0036968576709796672,
    0.0,
    0.005415162454873646,
    0.0038022813688212928,
    0.0038022813688212928,
    0.007352941176470588,
    0.0037735849056603774,
    0.0017953321364452424,
    0.0017241379310344827
  ],
  "lendist_rv": {
    "30": 141,
    "31": 76,
    "32": 53,
    "33": 54,
    "34": 40,
    "35": 49,
    "36": 63,
    "37": 31,
    "38": 48,
    "39": 40,
    "40": 48,
    "41": 38,
    "42": 44,
    "43": 51,
    "44": 48,
    "45": 37,
    "46": 39,
    "47": 34,
    "48": 32,
    "49": 31,
    "50": 22,
    "51": 38,
    "52": 25,
    "53": 26,
    "54": 24,
    "55": 31,
    "56": 26,
    "57": 15,
    "58": 12,
    "59": 22,
    "60": 22,
    "61": 18,
    "62": 18,
    "63": 15,
    "64": 10,
    "65": 14,
    "66": 12,
    "67": 4,
    "68": 10,
    "69": 11,
    "70": 7,
    "71": 6,
    "72": 7,
    "73": 3,
    "74": 7,
    "75": 10,
    "76": 6,
    "77": 2,
    "78": 4,
    "79": 3,
    "80": 6,
    "81": 3,
    "82": 2,
    "83": 5,
    "84": 9,
    "86": 5,
    "87": 7,
    "88": 2,
    "89": 3,
    "90": 5,
    "91": 3
  }
}