{
  "metadata": {
    "tool_name": "DamageProfiler",
    "version": "1.1",
    "sample_name": "RmA030.GrysbokCape_Human_nc.Target.rmdup.noMicro.bam"
  },
  "lendist_fw": {
    "30": 1527,
    "31": 1492,
    "32": 1397,
    "33": 1408,
    "34": 1341,
    "35": 1288,
    "36": 1324,
    "37": 1212,
    "38": 1130,
    "39": 1090,
    "40": 1066,
    "41": 914,
    "42": 904,
    "43": 837,
    "44": 782,
    "45": 757,
    "46": 721,
    "47": 674,
    "48": 646,
    "49": 612,
    "50": 581,
    "51": 563,
    "52": 448,
    "53": 464,
    "54": 397,
    "55": 416,
    "56": 393,
    "57": 362,
    "58": 324,
    "59": 310,
    "60": 294,
    "61": 270,
    "62": 258,
    "63": 255,
    "64": 224,
    "65": 202,
    "66": 177,
    "67": 176,
    "68": 185,
    "69": 180,
    "70": 155,
    "71": 180,
    "72": 169,
    "73": 132,
    "74": 139,
    "75": 127,
    "76": 128,
    "77": 123,
    "78": 109,
    "79": 108,
    "80": 112,
    "81": 78,
    "82": 74,
    "83": 84,
    "84": 99,
    "85": 75,
    "86": 67,
    "87": 70,
    "88": 57,
    "89": 72,
    "90": 62,
    "91": 48
  },
  "dmg_5p": [
    0.021526602744876857,
    0.01586483980632533,
    0.010331150262890876,
    0.00513328530259366,
    0.004991977179532894,
    0.0050393422332242945,
    0.004110339788089149,
    0.004250316512931814,
    0.0038258334851521223,
    0.0030578289414515693,
    0.00284267566847295,
    0.002999558888398765,
    0.0034525495750708213,
    0.0025015634771732333,
    0.002554165932710939,
    0.002104893878266971,
    0.0029932212342635794,
    0.002737306843267108,
    0.002650879208270743,
    0.002606038820992092,
    0.0028591851322373124,
    0.0031757553761001724,
    0.003365214311016649,
    0.0032260955282731427,
    0.002615204256470376
  ],
  "summary_stats": {
    "std": 13.606729565331932,
    "median": 41.0,
    "mean_readlength": 45.222522401588996
  },
  "dmg_3p": [
    0.015028901734104046,
    0.009683882457702582,
    0.005025125628140704,
    0.005164498852333588,
    0.0034007179293406384,
    0.0024704913532802636,
    0.001566387174053257,
    0.0014586562129638072,
    0.0019768173241081857,
    0.0019927536231884057,
    0.001994198694706309,
    0.0018995929443690637,
    0.0022526581366011894,
    0.001272264631043257,
    0.002061301308478222,
    0.0022297538351765964,
    0.0017135642135642135,
    0.0017812611328820805,
    0.0016233766233766235,
    0.0016257225433526012,
    0.0021764759227351047,
    0.00145812448737811,
    0.0017171260732037957,
    0.001783166904422254,
    0.0017175917555595733
  ],
  "lendist_rv": {
    "30": 1523,
    "31": 1503,
    "32": 1411,
    "33": 1450,
    "34": 1279,
    "35": 1271,
    "36": 1244,
    "37": 1191,
    "38": 1082,
    "39": 1015,
    "40": 999,
    "41": 970,
    "42": 924,
    "43": 860,
    "44": 822,
    "45": 785,
    "46": 738,
    "47": 667,
    "48": 601,
    "49": 554,
    "50": 549,
    "51": 488,
    "52": 508,
    "53": 459,
    "54": 425,
    "55": 395,
    "56": 374,
    "57": 367,
    "58": 345,
    "59": 314,
    "60": 303,
    "61": 292,
    "62": 279,
    "63": 247,
    "64": 240,
    "65": 223,
    "66": 222,
    "67": 207,
    "68": 169,
    "69": 147,
    "70": 155,
    "71": 164,
    "72": 142,
    "73": 133,
    "74": 131,
    "75": 108,
    "76": 120,
    "77": 115,
    "78": 92,
    "79": 106,
    "80": 91,
    "81": 94,
    "82": 70,
    "83": 79,
    "84": 90,
    "85": 90,
    "86": 83,
    "87": 65,
    "88": 67,
    "89": 56,
    "90": 49,
    "91": 59
  }
}