{
  "metadata": {
    "tool_name": "DamageProfiler",
    "version": "1.1",
    "sample_name": "ScA026.BuffaloCape_Human_nc.Target.rmdup.noMicro.bam"
  },
  "lendist_fw": {
    "30": 317,
    "31": 181,
    "32": 124,
    "33": 148,
    "34": 117,
    "35": 91,
    "36": 124,
    "37": 105,
    "38": 102,
    "39": 107,
    "40": 115,
    "41": 89,
    "42": 98,
    "43": 81,
    "44": 69,
    "45": 60,
    "46": 66,
    "47": 57,
    "48": 55,
    "49": 62,
    "50": 78,
    "51": 54,
    "52": 62,
    "53": 51,
    "54": 55,
    "55": 38,
    "56": 33,
    "57": 40,
    "58": 38,
    "59": 43,
    "60": 35,
    "61": 29,
    "62": 31,
    "63": 27,
    "64": 24,
    "65": 15,
    "66": 14,
    "67": 17,
    "68": 15,
    "69": 18,
    "70": 16,
    "71": 16,
    "72": 11,
    "73": 14,
    "74": 8,
    "75": 11,
    "76": 10,
    "77": 9,
    "78": 8,
    "79": 11,
    "80": 2,
    "81": 5,
    "82": 7,
    "83": 7,
    "84": 7,
    "85": 5,
    "86": 6,
    "87": 4,
    "88": 2,
    "89": 7,
    "90": 4,
    "91": 3
  },
  "dmg_5p": [
    0.10620220900594732,
    0.0175609756097561,
    0.008496176720475786,
    0.004359197907585004,
    0.00974313551815766,
    0.005813953488372093,
    0.007332722273143905,
    0.0068846815834767644,
    0.005390835579514825,
    0.0034542314335060447,
    0.005194805194805195,
    0.005828476269775187,
    0.00425531914893617,
    0.010535557506584723,
    0.003355704697986577,
    0.006956521739130435,
    0.009540329575021683,
    0.006092254134029591,
    0.007718696397941681,
    0.005877413937867338,
    0.004101722723543888,
    0.006167400881057269,
    0.0035587188612099642,
    0.007162041181736795,
    0.008244023083264633
  ],
  "summary_stats": {
    "std": 13.384252055219717,
    "median": 41.0,
    "mean_readlength": 44.479772439949635
  },
  "dmg_3p": [
    0.017828200972447326,
    0.019704433497536946,
    0.0050968399592252805,
    0.009375,
    0.01001001001001001,
    0.0010111223458038423,
    0.007684918347742555,
    0.007561436672967864,
    0.009950248756218905,
    0.00667302192564347,
    0.012037037037037037,
    0.0047169811320754715,
    0.008395522388059701,
    0.006439742410303588,
    0.003925417075564278,
    0.011374407582938388,
    0.0065420560747663555,
    0.006445672191528545,
    0.0038797284190106693,
    0.0018570102135561746,
    0.006679389312977099,
    0.007428040854224698,
    0.003976143141153081,
    0.007319304666056725,
    9.99000999000999E-4
  ],
  "lendist_rv": {
    "30": 329,
    "31": 195,
    "32": 141,
    "33": 139,
    "34": 109,
    "35": 112,
    "36": 95,
    "37": 98,
    "38": 110,
    "39": 106,
    "40": 95,
    "41": 90,
    "42": 87,
    "43": 89,
    "44": 85,
    "45": 70,
    "46": 84,
    "47": 81,
    "48": 70,
    "49": 76,
    "50": 72,
    "51": 59,
    "52": 52,
    "53": 43,
    "54": 37,
    "55": 44,
    "56": 49,
    "57": 40,
    "58": 18,
    "59": 35,
    "60": 43,
    "61": 32,
    "62": 30,
    "63": 26,
    "64": 15,
    "65": 15,
    "66": 19,
    "67": 27,
    "68": 22,
    "69": 21,
    "70": 19,
    "71": 15,
    "72": 11,
    "73": 10,
    "74": 16,
    "75": 19,
    "76": 8,
    "77": 6,
    "78": 4,
    "79": 14,
    "80": 9,
    "81": 6,
    "82": 7,
    "83": 6,
    "84": 2,
    "85": 7,
    "86": 8,
    "87": 5,
    "88": 3,
    "89": 8,
    "90": 4
  }
}