{
  "metadata": {
    "tool_name": "DamageProfiler",
    "version": "1.1",
    "sample_name": "PcA020.ReedbuckBh_Human_nc.Target.rmdup.noMicro.bam"
  },
  "lendist_fw": {
    "30": 189,
    "31": 80,
    "32": 47,
    "33": 24,
    "34": 22,
    "35": 16,
    "36": 16,
    "37": 14,
    "38": 14,
    "39": 22,
    "40": 21,
    "41": 23,
    "42": 18,
    "43": 23,
    "44": 11,
    "45": 24,
    "46": 14,
    "47": 19,
    "48": 17,
    "49": 14,
    "50": 8,
    "51": 13,
    "52": 10,
    "53": 12,
    "54": 13,
    "55": 8,
    "56": 7,
    "57": 10,
    "58": 9,
    "59": 4,
    "60": 9,
    "61": 4,
    "62": 7,
    "63": 6,
    "64": 10,
    "65": 12,
    "66": 6,
    "67": 6,
    "68": 6,
    "69": 11,
    "71": 3,
    "72": 6,
    "73": 2,
    "74": 3,
    "75": 3,
    "76": 5,
    "77": 3,
    "78": 3,
    "79": 4,
    "80": 2,
    "81": 2,
    "84": 2,
    "85": 2,
    "86": 3,
    "87": 1,
    "89": 2,
    "90": 2
  },
  "dmg_5p": [
    0.02694610778443114,
    0.021739130434782608,
    0.022950819672131147,
    0.0391566265060241,
    0.03,
    0.01910828025477707,
    0.012461059190031152,
    0.03355704697986577,
    0.02181818181818182,
    0.016339869281045753,
    0.014035087719298246,
    0.018867924528301886,
    0.01812688821752266,
    0.026058631921824105,
    0.01694915254237288,
    0.026143790849673203,
    0.0196078431372549,
    0.03367003367003367,
    0.033950617283950615,
    0.01935483870967742,
    0.025179856115107913,
    0.018656716417910446,
    0.022222222222222223,
    0.046357615894039736,
    0.012903225806451613
  ],
  "summary_stats": {
    "std": 14.626390394218701,
    "median": 39.0,
    "mean_readlength": 43.77250409165306
  },
  "dmg_3p": [
    0.03608247422680412,
    0.025380710659898477,
    0.029197080291970802,
    0.023166023166023165,
    0.02197802197802198,
    0.02456140350877193,
    0.023809523809523808,
    0.019230769230769232,
    0.027210884353741496,
    0.010526315789473684,
    0.023972602739726026,
    0.01090909090909091,
    0.006993006993006993,
    0.02364864864864865,
    0.02027027027027027,
    0.02214022140221402,
    0.01557632398753894,
    0.028368794326241134,
    0.023890784982935155,
    0.00974025974025974,
    0.014388489208633094,
    0.028469750889679714,
    0.017793594306049824,
    0.03367003367003367,
    0.03870967741935484
  ],
  "lendist_rv": {
    "30": 178,
    "31": 87,
    "32": 38,
    "33": 23,
    "34": 17,
    "35": 23,
    "36": 21,
    "37": 22,
    "38": 32,
    "39": 17,
    "40": 10,
    "41": 18,
    "42": 15,
    "43": 27,
    "44": 18,
    "45": 19,
    "46": 19,
    "47": 15,
    "48": 19,
    "49": 14,
    "50": 18,
    "51": 19,
    "52": 10,
    "53": 14,
    "54": 13,
    "55": 15,
    "56": 7,
    "57": 9,
    "58": 8,
    "59": 10,
    "60": 11,
    "61": 6,
    "62": 7,
    "63": 11,
    "64": 4,
    "65": 10,
    "66": 4,
    "67": 1,
    "68": 5,
    "69": 5,
    "70": 7,
    "71": 3,
    "72": 5,
    "73": 4,
    "74": 5,
    "75": 2,
    "76": 1,
    "77": 3,
    "79": 3,
    "80": 1,
    "81": 5,
    "82": 3,
    "83": 2,
    "84": 3,
    "85": 2,
    "88": 1,
    "89": 1,
    "91": 1
  }
}