{
  "metadata": {
    "tool_name": "DamageProfiler",
    "version": "1.1",
    "sample_name": "ToA002.ElandCommon_Human_nc.Target.rmdup.noMicro.bam"
  },
  "lendist_fw": {
    "64": 2,
    "65": 1,
    "66": 2,
    "67": 2,
    "68": 1,
    "71": 2,
    "72": 2,
    "73": 1,
    "75": 1,
    "76": 1,
    "78": 1,
    "84": 1,
    "87": 1,
    "88": 1,
    "30": 202,
    "31": 98,
    "32": 57,
    "33": 25,
    "34": 16,
    "35": 16,
    "36": 14,
    "37": 4,
    "38": 9,
    "39": 11,
    "40": 7,
    "41": 12,
    "42": 10,
    "43": 13,
    "44": 12,
    "45": 11,
    "46": 7,
    "47": 14,
    "48": 5,
    "49": 3,
    "50": 2,
    "114": 1,
    "51": 3,
    "52": 3,
    "53": 4,
    "54": 4,
    "55": 8,
    "56": 4,
    "57": 2,
    "58": 1,
    "59": 2,
    "61": 4,
    "62": 4,
    "63": 1
  },
  "dmg_5p": [
    0.0380952380952381,
    0.004347826086956522,
    0.0045871559633027525,
    0.0,
    0.017857142857142856,
    0.01818181818181818,
    0.02145922746781116,
    0.02,
    0.010471204188481676,
    0.017391304347826087,
    0.009174311926605505,
    0.0,
    0.020618556701030927,
    0.010101010101010102,
    0.0125,
    0.02403846153846154,
    0.014925373134328358,
    0.005291005291005291,
    0.00881057268722467,
    0.008695652173913044,
    0.024271844660194174,
    0.012875536480686695,
    0.005,
    0.008849557522123894,
    0.014563106796116505
  ],
  "summary_stats": {
    "std": 12.402845667310437,
    "median": 32.0,
    "mean_readlength": 38.025773195876255
  },
  "dmg_3p": [
    0.024154589371980676,
    0.028708133971291867,
    0.01606425702811245,
    0.018691588785046728,
    0.0,
    0.013452914798206279,
    0.00966183574879227,
    0.014423076923076924,
    0.009569377990430622,
    0.014563106796116505,
    0.023923444976076555,
    0.005263157894736842,
    0.012875536480686695,
    0.01015228426395939,
    0.014084507042253521,
    0.0,
    0.018957345971563982,
    0.004672897196261682,
    0.01951219512195122,
    0.01809954751131222,
    0.013513513513513514,
    0.009345794392523364,
    0.015,
    0.020942408376963352,
    0.015625
  ],
  "lendist_rv": {
    "30": 225,
    "31": 91,
    "32": 54,
    "33": 26,
    "34": 18,
    "35": 19,
    "36": 17,
    "37": 10,
    "38": 11,
    "39": 16,
    "40": 15,
    "41": 9,
    "42": 18,
    "43": 10,
    "44": 11,
    "45": 6,
    "46": 11,
    "47": 6,
    "48": 2,
    "49": 9,
    "50": 7,
    "51": 8,
    "52": 4,
    "53": 2,
    "54": 1,
    "55": 7,
    "56": 4,
    "57": 2,
    "58": 4,
    "59": 3,
    "60": 3,
    "62": 4,
    "64": 2,
    "65": 2,
    "67": 1,
    "68": 1,
    "69": 1,
    "71": 2,
    "72": 1,
    "73": 1,
    "74": 1,
    "77": 1,
    "80": 1,
    "83": 1,
    "85": 1,
    "87": 1,
    "91": 1,
    "100": 1,
    "117": 1
  }
}