{
  "metadata": {
    "tool_name": "DamageProfiler",
    "version": "1.1",
    "sample_name": "ToA029.ElandCommon_Human_nc.Target.rmdup.noMicro.bam"
  },
  "lendist_fw": {
    "30": 587,
    "31": 484,
    "32": 449,
    "33": 471,
    "34": 501,
    "35": 453,
    "36": 479,
    "37": 432,
    "38": 449,
    "39": 466,
    "40": 479,
    "41": 447,
    "42": 439,
    "43": 390,
    "44": 379,
    "45": 348,
    "46": 361,
    "47": 344,
    "48": 354,
    "49": 282,
    "50": 315,
    "51": 305,
    "52": 287,
    "53": 251,
    "54": 230,
    "55": 206,
    "56": 213,
    "57": 193,
    "58": 190,
    "59": 195,
    "60": 165,
    "61": 144,
    "62": 141,
    "63": 152,
    "64": 143,
    "65": 117,
    "66": 120,
    "67": 114,
    "68": 105,
    "69": 92,
    "70": 105,
    "71": 111,
    "72": 71,
    "73": 74,
    "74": 75,
    "75": 60,
    "76": 75,
    "77": 59,
    "78": 73,
    "79": 53,
    "80": 47,
    "81": 57,
    "82": 55,
    "83": 38,
    "84": 44,
    "85": 32,
    "86": 45,
    "87": 32,
    "88": 24,
    "89": 27,
    "90": 35,
    "91": 22
  },
  "dmg_5p": [
    0.02934821750090025,
    0.011650074136835416,
    0.005753739930955121,
    0.004753755466818787,
    0.004634994206257242,
    0.004496578690127077,
    0.003442689347914135,
    0.003760183831209526,
    0.003766478342749529,
    0.004214328717639976,
    0.004836525440123815,
    0.004147738494963461,
    0.003964321110009911,
    0.004702194357366771,
    0.005155661312710688,
    0.004435017354415735,
    0.005211465223491682,
    0.0044742729306487695,
    0.0016161616161616162,
    0.0037661050545094153,
    0.004763795156808257,
    0.004300234558248631,
    0.005322294500295683,
    0.00397456279809221,
    0.0034644385571632364
  ],
  "summary_stats": {
    "std": 13.955805639267682,
    "median": 44.0,
    "mean_readlength": 47.549805709162214
  },
  "dmg_3p": [
    0.009971509971509971,
    0.009428571428571429,
    0.005757196495619525,
    0.0038104310550130982,
    0.0057306590257879654,
    0.004118993135011442,
    0.005063848524878908,
    0.003553976010661928,
    0.0034828036569438396,
    0.0033318525099955577,
    0.003290917068889864,
    0.004223160702378307,
    0.0042184724689165185,
    0.0032439446366782005,
    0.0033252050543116827,
    0.004389815627743635,
    0.00673551863493489,
    0.00391815411406182,
    0.0025559105431309905,
    0.004314063848144953,
    0.0032743942370661427,
    0.0055248618784530384,
    0.004310344827586207,
    0.0025889967637540453,
    0.002163097555699762
  ],
  "lendist_rv": {
    "30": 551,
    "31": 457,
    "32": 412,
    "33": 426,
    "34": 447,
    "35": 452,
    "36": 445,
    "37": 437,
    "38": 449,
    "39": 430,
    "40": 478,
    "41": 433,
    "42": 408,
    "43": 376,
    "44": 414,
    "45": 376,
    "46": 379,
    "47": 367,
    "48": 324,
    "49": 308,
    "50": 292,
    "51": 245,
    "52": 295,
    "53": 260,
    "54": 206,
    "55": 219,
    "56": 204,
    "57": 192,
    "58": 188,
    "59": 169,
    "60": 153,
    "61": 163,
    "62": 153,
    "63": 148,
    "64": 142,
    "65": 122,
    "66": 121,
    "67": 122,
    "68": 94,
    "69": 89,
    "70": 88,
    "71": 93,
    "72": 85,
    "73": 82,
    "74": 77,
    "75": 80,
    "76": 62,
    "77": 55,
    "78": 60,
    "79": 49,
    "80": 71,
    "81": 32,
    "82": 40,
    "83": 49,
    "84": 43,
    "85": 44,
    "86": 38,
    "87": 33,
    "88": 41,
    "89": 38,
    "90": 32,
    "91": 16
  }
}