{
  "metadata": {
    "tool_name": "DamageProfiler",
    "version": "1.1",
    "sample_name": "ScA033.BuffaloCape_Human_nc.Target.rmdup.noMicro.bam"
  },
  "lendist_fw": {
    "30": 593,
    "31": 574,
    "32": 499,
    "33": 520,
    "34": 543,
    "35": 491,
    "36": 524,
    "37": 481,
    "38": 506,
    "39": 532,
    "40": 510,
    "41": 438,
    "42": 470,
    "43": 466,
    "44": 431,
    "45": 439,
    "46": 401,
    "47": 375,
    "48": 409,
    "49": 383,
    "50": 331,
    "51": 351,
    "52": 315,
    "53": 325,
    "54": 280,
    "55": 285,
    "56": 262,
    "57": 260,
    "58": 213,
    "59": 229,
    "60": 223,
    "61": 211,
    "62": 209,
    "63": 205,
    "64": 182,
    "65": 168,
    "66": 172,
    "67": 170,
    "68": 162,
    "69": 148,
    "70": 144,
    "71": 134,
    "72": 131,
    "73": 118,
    "74": 130,
    "75": 98,
    "76": 116,
    "77": 91,
    "78": 91,
    "79": 76,
    "80": 75,
    "81": 85,
    "82": 90,
    "83": 73,
    "84": 82,
    "85": 63,
    "86": 65,
    "87": 69,
    "88": 71,
    "89": 47,
    "90": 48,
    "91": 52
  },
  "dmg_5p": [
    0.03960896679588741,
    0.016214177978883863,
    0.010003334444814937,
    0.0063608972212922665,
    0.0072643222717516925,
    0.00834697217675941,
    0.00579950289975145,
    0.005593945376768674,
    0.007647547797173733,
    0.005783212161269002,
    0.005291880271208864,
    0.004366812227074236,
    0.003663003663003663,
    0.006433971368827409,
    0.0038131553860819827,
    0.004532211071544189,
    0.005491842997900178,
    0.004650390300614516,
    0.004920452681646712,
    0.004333333333333333,
    0.006099518459069021,
    0.005206638464041653,
    0.00517631834357813,
    0.003760013078306359,
    0.004077638231936063
  ],
  "summary_stats": {
    "std": 14.896248205786256,
    "median": 46.0,
    "mean_readlength": 49.02435556654201
  },
  "dmg_3p": [
    0.011276268580215274,
    0.008682439765574127,
    0.004646175839885632,
    0.006097560975609756,
    0.0032804811372334607,
    0.004533565823888404,
    0.004698774962241987,
    0.004967709885742673,
    0.0028089887640449437,
    0.0036826247070639436,
    0.005221932114882507,
    0.004004004004004004,
    0.0037748235680288857,
    0.0047169811320754715,
    0.0034423407917383822,
    0.004509771170870219,
    0.0040747028862478775,
    0.0030145704237146205,
    0.00268591572939399,
    0.005285761480013214,
    0.004506008010680908,
    0.0029796391325939415,
    0.005328005328005328,
    0.003284072249589491,
    0.0033978933061501867
  ],
  "lendist_rv": {
    "30": 607,
    "31": 541,
    "32": 532,
    "33": 539,
    "34": 522,
    "35": 549,
    "36": 520,
    "37": 528,
    "38": 502,
    "39": 486,
    "40": 507,
    "41": 459,
    "42": 460,
    "43": 457,
    "44": 468,
    "45": 418,
    "46": 392,
    "47": 384,
    "48": 372,
    "49": 336,
    "50": 369,
    "51": 328,
    "52": 330,
    "53": 297,
    "54": 294,
    "55": 292,
    "56": 253,
    "57": 247,
    "58": 220,
    "59": 210,
    "60": 209,
    "61": 210,
    "62": 183,
    "63": 202,
    "64": 171,
    "65": 177,
    "66": 142,
    "67": 144,
    "68": 137,
    "69": 154,
    "70": 127,
    "71": 127,
    "72": 142,
    "73": 103,
    "74": 121,
    "75": 105,
    "76": 95,
    "77": 86,
    "78": 84,
    "79": 76,
    "80": 95,
    "81": 81,
    "82": 69,
    "83": 63,
    "84": 81,
    "85": 78,
    "86": 48,
    "87": 64,
    "88": 60,
    "89": 52,
    "90": 48,
    "91": 42
  }
}