{
  "metadata": {
    "tool_name": "DamageProfiler",
    "version": "1.1",
    "sample_name": "ToA001.ElandCommon_Human_nc.Target.rmdup.noMicro.bam"
  },
  "lendist_fw": {
    "32": 27,
    "33": 15,
    "34": 5,
    "35": 3,
    "36": 2,
    "38": 1,
    "92": 1,
    "77": 1,
    "30": 237,
    "31": 93,
    "47": 1
  },
  "dmg_5p": [
    0.02,
    0.04580152671755725,
    0.012345679012345678,
    0.012987012987012988,
    0.0078125,
    0.03731343283582089,
    0.015151515151515152,
    0.029850746268656716,
    0.022058823529411766,
    0.008264462809917356,
    0.02158273381294964,
    0.031007751937984496,
    0.007874015748031496,
    0.007142857142857143,
    0.007352941176470588,
    0.024793388429752067,
    0.008771929824561403,
    0.007142857142857143,
    0.022058823529411766,
    0.013245033112582781,
    0.0,
    0.03816793893129771,
    0.007518796992481203,
    0.022556390977443608,
    0.007575757575757576
  ],
  "summary_stats": {
    "std": 5.924458620186216,
    "median": 30.0,
    "mean_readlength": 31.243675099866845
  },
  "dmg_3p": [
    0.007874015748031496,
    0.024193548387096774,
    0.015503875968992248,
    0.03546099290780142,
    0.029411764705882353,
    0.01680672268907563,
    0.024,
    0.0273972602739726,
    0.06818181818181818,
    0.05925925925925926,
    0.03731343283582089,
    0.01639344262295082,
    0.02962962962962963,
    0.022556390977443608,
    0.022388059701492536,
    0.013793103448275862,
    0.03571428571428571,
    0.02054794520547945,
    0.007936507936507936,
    0.02962962962962963,
    0.04316546762589928,
    0.034782608695652174,
    0.022058823529411766,
    0.03225806451612903,
    0.007142857142857143
  ],
  "lendist_rv": {
    "32": 30,
    "33": 13,
    "34": 3,
    "35": 1,
    "45": 1,
    "30": 214,
    "31": 83,
    "111": 1
  }
}