{
  "metadata": {
    "tool_name": "DamageProfiler",
    "version": "1.1",
    "sample_name": "PaA026.BuffaloCape_Human_nc.Target.rmdup.noMicro.bam"
  },
  "lendist_fw": {
    "64": 1,
    "65": 1,
    "66": 1,
    "68": 1,
    "71": 1,
    "73": 1,
    "75": 1,
    "76": 1,
    "84": 1,
    "85": 1,
    "30": 116,
    "31": 52,
    "32": 14,
    "33": 17,
    "34": 7,
    "35": 8,
    "36": 7,
    "37": 6,
    "38": 6,
    "39": 4,
    "40": 5,
    "41": 2,
    "42": 3,
    "43": 4,
    "44": 3,
    "45": 2,
    "46": 3,
    "47": 1,
    "48": 5,
    "49": 4,
    "50": 2,
    "51": 6,
    "52": 2,
    "54": 3,
    "55": 1,
    "58": 2,
    "59": 3,
    "61": 1
  },
  "dmg_5p": [
    0.0472972972972973,
    0.023076923076923078,
    0.01694915254237288,
    0.03125,
    0.03418803418803419,
    0.017391304347826087,
    0.015503875968992248,
    0.008,
    0.008333333333333333,
    0.022727272727272728,
    0.02459016393442623,
    0.00847457627118644,
    0.015267175572519083,
    0.0,
    0.015037593984962405,
    0.018018018018018018,
    0.0,
    0.015037593984962405,
    0.0072992700729927005,
    0.014705882352941176,
    0.008403361344537815,
    0.0,
    0.0,
    0.016260162601626018,
    0.02112676056338028
  ],
  "summary_stats": {
    "std": 10.764169109815771,
    "median": 31.0,
    "mean_readlength": 36.941082802547776
  },
  "dmg_3p": [
    0.05333333333333334,
    0.012987012987012988,
    0.03225806451612903,
    0.02197802197802198,
    0.029411764705882353,
    0.031578947368421054,
    0.017543859649122806,
    0.0,
    0.03,
    0.0,
    0.008849557522123894,
    0.009174311926605505,
    0.0,
    0.02586206896551724,
    0.02459016393442623,
    0.02127659574468085,
    0.019801980198019802,
    0.0,
    0.0,
    0.010526315789473684,
    0.03636363636363636,
    0.018867924528301886,
    0.02564102564102564,
    0.02459016393442623,
    0.02702702702702703
  ],
  "lendist_rv": {
    "66": 1,
    "67": 1,
    "72": 1,
    "73": 1,
    "75": 1,
    "30": 103,
    "31": 44,
    "32": 17,
    "33": 7,
    "34": 12,
    "35": 5,
    "36": 8,
    "37": 5,
    "38": 4,
    "39": 4,
    "40": 4,
    "41": 2,
    "42": 5,
    "43": 5,
    "44": 4,
    "45": 6,
    "46": 2,
    "47": 3,
    "48": 4,
    "49": 2,
    "50": 3,
    "51": 1,
    "53": 1,
    "54": 1,
    "58": 1,
    "59": 2
  }
}