{
  "metadata": {
    "tool_name": "DamageProfiler",
    "version": "1.1",
    "sample_name": "PaA033.BuffaloCape_Human_nc.Target.rmdup.noMicro.bam"
  },
  "lendist_fw": {
    "64": 1,
    "65": 2,
    "66": 2,
    "69": 1,
    "70": 2,
    "71": 1,
    "73": 1,
    "74": 1,
    "75": 2,
    "77": 1,
    "78": 1,
    "80": 1,
    "83": 1,
    "30": 314,
    "31": 112,
    "32": 55,
    "33": 17,
    "34": 8,
    "35": 2,
    "36": 2,
    "37": 2,
    "38": 1,
    "39": 1,
    "40": 1,
    "44": 1,
    "45": 2,
    "46": 1,
    "51": 1,
    "52": 1,
    "53": 2,
    "54": 2,
    "55": 1,
    "56": 1,
    "57": 1,
    "60": 1,
    "63": 3
  },
  "dmg_5p": [
    0.014705882352941176,
    0.022222222222222223,
    0.010050251256281407,
    0.011049723756906077,
    0.032432432432432434,
    0.01694915254237288,
    0.02185792349726776,
    0.03614457831325301,
    0.016304347826086956,
    0.016304347826086956,
    0.027777777777777776,
    0.016304347826086956,
    0.011235955056179775,
    0.0335195530726257,
    0.02717391304347826,
    0.03164556962025317,
    0.011111111111111112,
    0.024271844660194174,
    0.03314917127071823,
    0.03763440860215054,
    0.0058823529411764705,
    0.022727272727272728,
    0.03571428571428571,
    0.03488372093023256,
    0.016042780748663103
  ],
  "summary_stats": {
    "std": 9.37838207400495,
    "median": 30.0,
    "mean_readlength": 33.43374558303885
  },
  "dmg_3p": [
    0.03773584905660377,
    0.05128205128205128,
    0.011299435028248588,
    0.037267080745341616,
    0.05732484076433121,
    0.006622516556291391,
    0.03529411764705882,
    0.034482758620689655,
    0.023391812865497075,
    0.029585798816568046,
    0.033707865168539325,
    0.049079754601226995,
    0.039735099337748346,
    0.0189873417721519,
    0.02976190476190476,
    0.039473684210526314,
    0.03821656050955414,
    0.05625,
    0.049689440993788817,
    0.041916167664670656,
    0.03954802259887006,
    0.046511627906976744,
    0.032432432432432434,
    0.01694915254237288,
    0.03773584905660377
  ],
  "lendist_rv": {
    "64": 1,
    "65": 1,
    "68": 1,
    "70": 1,
    "78": 1,
    "80": 1,
    "91": 1,
    "30": 284,
    "31": 135,
    "32": 39,
    "33": 22,
    "34": 8,
    "35": 6,
    "36": 3,
    "37": 2,
    "39": 1,
    "41": 1,
    "44": 1,
    "45": 2,
    "46": 2,
    "47": 1,
    "51": 2,
    "53": 1,
    "55": 1,
    "59": 2,
    "62": 1
  }
}