{
  "metadata": {
    "tool_name": "DamageProfiler",
    "version": "1.1",
    "sample_name": "ToA038.ElandCommon_Human_nc.Target.rmdup.noMicro.bam"
  },
  "lendist_fw": {
    "32": 3,
    "65": 1,
    "66": 1,
    "67": 3,
    "36": 1,
    "37": 2,
    "69": 1,
    "38": 2,
    "71": 1,
    "40": 1,
    "41": 1,
    "42": 1,
    "43": 1,
    "46": 1,
    "83": 1,
    "52": 2,
    "54": 1,
    "55": 1,
    "57": 1,
    "30": 16,
    "31": 6
  },
  "dmg_5p": [
    0.05555555555555555,
    0.0,
    0.07142857142857142,
    0.0,
    0.08333333333333333,
    0.06666666666666667,
    0.0,
    0.07142857142857142,
    0.0,
    0.0,
    0.0,
    0.08333333333333333,
    0.0,
    0.0,
    0.0625,
    0.1,
    0.0,
    0.11764705882352941,
    0.07142857142857142,
    0.14285714285714285,
    0.058823529411764705,
    0.0,
    0.0,
    0.058823529411764705,
    0.058823529411764705
  ],
  "summary_stats": {
    "std": 16.799557122533173,
    "median": 40.5,
    "mean_readlength": 45.881355932203384
  },
  "dmg_3p": [
    0.18181818181818182,
    0.07142857142857142,
    0.0,
    0.0,
    0.0,
    0.0,
    0.0,
    0.0,
    0.0,
    0.0,
    0.05263157894736842,
    0.0,
    0.0,
    0.045454545454545456,
    0.0,
    0.0,
    0.0,
    0.0,
    0.0,
    0.0,
    0.0,
    0.0625,
    0.06666666666666667,
    0.0,
    0.0
  ],
  "lendist_rv": {
    "32": 3,
    "33": 1,
    "69": 1,
    "41": 1,
    "74": 1,
    "44": 2,
    "76": 2,
    "46": 1,
    "79": 1,
    "81": 1,
    "55": 1,
    "56": 1,
    "58": 1,
    "61": 1,
    "30": 10,
    "31": 3,
    "63": 1
  }
}