{
  "metadata": {
    "tool_name": "DamageProfiler",
    "version": "1.1",
    "sample_name": "PaA011.BuffaloCape_Human_nc.Target.rmdup.noMicro.bam"
  },
  "lendist_fw": {
    "32": 14,
    "48": 1,
    "33": 4,
    "34": 3,
    "66": 1,
    "35": 3,
    "36": 1,
    "40": 1,
    "45": 1,
    "30": 78,
    "31": 32
  },
  "dmg_5p": [
    0.01098901098901099,
    0.011363636363636364,
    0.0,
    0.010638297872340425,
    0.03125,
    0.012195121951219513,
    0.011904761904761904,
    0.04225352112676056,
    0.03488372093023256,
    0.0,
    0.0273972602739726,
    0.037037037037037035,
    0.011627906976744186,
    0.011904761904761904,
    0.029411764705882353,
    0.012195121951219513,
    0.037037037037037035,
    0.0,
    0.0,
    0.0,
    0.02197802197802198,
    0.011764705882352941,
    0.011627906976744186,
    0.02197802197802198,
    0.0273972602739726
  ],
  "summary_stats": {
    "std": 12.366986716328318,
    "median": 31.0,
    "mean_readlength": 33.55927051671732
  },
  "dmg_3p": [
    0.014705882352941176,
    0.05263157894736842,
    0.028169014084507043,
    0.0,
    0.013513513513513514,
    0.011764705882352941,
    0.02702702702702703,
    0.05970149253731343,
    0.028169014084507043,
    0.017241379310344827,
    0.013157894736842105,
    0.014705882352941176,
    0.014925373134328358,
    0.024096385542168676,
    0.012987012987012988,
    0.0547945205479452,
    0.05,
    0.013513513513513514,
    0.029850746268656716,
    0.02631578947368421,
    0.024390243902439025,
    0.0410958904109589,
    0.05128205128205128,
    0.028169014084507043,
    0.0
  ],
  "lendist_rv": {
    "32": 15,
    "33": 11,
    "34": 5,
    "35": 5,
    "36": 2,
    "39": 1,
    "73": 1,
    "106": 1,
    "43": 2,
    "46": 1,
    "51": 1,
    "52": 1,
    "152": 1,
    "57": 1,
    "30": 80,
    "31": 35
  }
}