{
  "metadata": {
    "tool_name": "DamageProfiler",
    "version": "1.1",
    "sample_name": "RmA037.GrysbokCape_Human_nc.Target.rmdup.noMicro.bam"
  },
  "lendist_fw": {
    "30": 814,
    "31": 807,
    "32": 812,
    "33": 722,
    "34": 743,
    "35": 756,
    "36": 727,
    "37": 758,
    "38": 710,
    "39": 753,
    "40": 692,
    "41": 658,
    "42": 652,
    "43": 685,
    "44": 602,
    "45": 652,
    "46": 633,
    "47": 575,
    "48": 542,
    "49": 501,
    "50": 492,
    "51": 489,
    "52": 483,
    "53": 419,
    "54": 477,
    "55": 417,
    "56": 376,
    "57": 378,
    "58": 383,
    "59": 347,
    "60": 347,
    "61": 363,
    "62": 327,
    "63": 301,
    "64": 279,
    "65": 274,
    "66": 254,
    "67": 247,
    "68": 222,
    "69": 231,
    "70": 228,
    "71": 211,
    "72": 197,
    "73": 180,
    "74": 191,
    "75": 175,
    "76": 159,
    "77": 161,
    "78": 152,
    "79": 147,
    "80": 147,
    "81": 120,
    "82": 145,
    "83": 138,
    "84": 139,
    "85": 113,
    "86": 108,
    "87": 87,
    "88": 82,
    "89": 112,
    "90": 86,
    "91": 75
  },
  "dmg_5p": [
    0.02398365239836524,
    0.013807880014284013,
    0.008441072764184208,
    0.004999468141687054,
    0.0045686357841053975,
    0.003970383088314197,
    0.004381746286202842,
    0.0033003300330033004,
    0.0041965764770844835,
    0.004570682337577538,
    0.0034228259706920528,
    0.003645453598583481,
    0.0030933333333333334,
    0.0031962497336458554,
    0.0033687756605958524,
    0.003905826190734512,
    0.004210299039188168,
    0.003976356797420742,
    0.003328322954691862,
    0.003309844117019005,
    0.00411790203727785,
    0.003585397653194263,
    0.003471845502875122,
    0.0033578856152512997,
    0.0037602062741727547
  ],
  "summary_stats": {
    "std": 15.264951512692408,
    "median": 46.0,
    "mean_readlength": 49.847000767169376
  },
  "dmg_3p": [
    0.014598540145985401,
    0.0083310937919914,
    0.006157189424121695,
    0.004168155293557223,
    0.0033429394812680116,
    0.0028290143713930065,
    0.002340615247436469,
    0.0028387378534774537,
    0.001863422119916694,
    0.0016613135452431056,
    0.0019047619047619048,
    0.0013366005791935842,
    0.002015677491601344,
    0.0017480607451108925,
    0.0016545334215751159,
    0.0010997470581766194,
    0.0016640781007321943,
    0.002636493463693288,
    0.0016746678575415876,
    0.0014251260688445517,
    0.002738825591586328,
    0.002348467904271975,
    0.0014226307725979427,
    0.0016585581601061478,
    0.0013204225352112676
  ],
  "lendist_rv": {
    "30": 795,
    "31": 760,
    "32": 733,
    "33": 761,
    "34": 772,
    "35": 755,
    "36": 762,
    "37": 736,
    "38": 737,
    "39": 683,
    "40": 718,
    "41": 701,
    "42": 693,
    "43": 680,
    "44": 601,
    "45": 630,
    "46": 545,
    "47": 595,
    "48": 546,
    "49": 552,
    "50": 514,
    "51": 508,
    "52": 487,
    "53": 430,
    "54": 410,
    "55": 420,
    "56": 385,
    "57": 374,
    "58": 327,
    "59": 355,
    "60": 341,
    "61": 338,
    "62": 298,
    "63": 307,
    "64": 296,
    "65": 269,
    "66": 266,
    "67": 267,
    "68": 235,
    "69": 249,
    "70": 251,
    "71": 226,
    "72": 195,
    "73": 205,
    "74": 182,
    "75": 175,
    "76": 153,
    "77": 174,
    "78": 164,
    "79": 129,
    "80": 146,
    "81": 148,
    "82": 147,
    "83": 111,
    "84": 128,
    "85": 106,
    "86": 110,
    "87": 106,
    "88": 104,
    "89": 103,
    "90": 72,
    "91": 86
  }
}