{
  "metadata": {
    "tool_name": "DamageProfiler",
    "version": "1.1",
    "sample_name": "ScA034.BuffaloCape_Human_nc.Target.rmdup.noMicro.bam"
  },
  "lendist_fw": {
    "30": 305,
    "31": 236,
    "32": 211,
    "33": 194,
    "34": 202,
    "35": 195,
    "36": 189,
    "37": 200,
    "38": 195,
    "39": 195,
    "40": 232,
    "41": 203,
    "42": 196,
    "43": 180,
    "44": 194,
    "45": 164,
    "46": 194,
    "47": 199,
    "48": 167,
    "49": 178,
    "50": 160,
    "51": 186,
    "52": 164,
    "53": 137,
    "54": 156,
    "55": 139,
    "56": 142,
    "57": 107,
    "58": 138,
    "59": 96,
    "60": 99,
    "61": 115,
    "62": 113,
    "63": 102,
    "64": 94,
    "65": 83,
    "66": 89,
    "67": 82,
    "68": 69,
    "69": 56,
    "70": 61,
    "71": 55,
    "72": 61,
    "73": 59,
    "74": 51,
    "75": 44,
    "76": 43,
    "77": 40,
    "78": 49,
    "79": 40,
    "80": 40,
    "81": 37,
    "82": 37,
    "83": 37,
    "84": 33,
    "85": 39,
    "86": 26,
    "87": 30,
    "88": 32,
    "89": 22,
    "90": 18,
    "91": 14
  },
  "dmg_5p": [
    0.051086956521739134,
    0.015638207945900255,
    0.00903954802259887,
    0.00584339696143358,
    0.006993006993006993,
    0.007882882882882882,
    0.0059594755661501785,
    0.006716712761754247,
    0.004182509505703422,
    0.0061068702290076335,
    0.004192073170731708,
    0.007050092764378479,
    0.007972665148063782,
    0.006503442999234889,
    0.005580357142857143,
    0.006012777151446824,
    0.004887218045112782,
    0.006622516556291391,
    0.005639097744360902,
    0.006273062730627306,
    0.0086271567891973,
    0.008298755186721992,
    0.008894044856921888,
    0.007111813512445673,
    0.008155339805825243
  ],
  "summary_stats": {
    "std": 14.95719079178438,
    "median": 47.0,
    "mean_readlength": 49.804382497747895
  },
  "dmg_3p": [
    0.007177033492822967,
    0.006792058516196447,
    0.006342494714587738,
    0.0047169811320754715,
    0.003696098562628337,
    0.00448796409628723,
    0.006893755068937551,
    0.00477516912057302,
    0.0027279812938425566,
    0.005546751188589541,
    0.00397456279809221,
    0.0033809166040570998,
    0.0019120458891013384,
    0.003816793893129771,
    0.00384172109104879,
    0.006870229007633588,
    0.004286827747466875,
    0.002242152466367713,
    0.004705882352941176,
    0.0056667925953910086,
    0.002751572327044025,
    0.0027269185820023374,
    0.004561003420752566,
    0.002325581395348837,
    0.00351288056206089
  ],
  "lendist_rv": {
    "30": 358,
    "31": 244,
    "32": 209,
    "33": 203,
    "34": 196,
    "35": 161,
    "36": 183,
    "37": 207,
    "38": 196,
    "39": 199,
    "40": 209,
    "41": 215,
    "42": 208,
    "43": 190,
    "44": 203,
    "45": 172,
    "46": 180,
    "47": 160,
    "48": 176,
    "49": 166,
    "50": 167,
    "51": 143,
    "52": 164,
    "53": 140,
    "54": 133,
    "55": 109,
    "56": 104,
    "57": 118,
    "58": 110,
    "59": 89,
    "60": 112,
    "61": 101,
    "62": 106,
    "63": 116,
    "64": 79,
    "65": 80,
    "66": 68,
    "67": 88,
    "68": 62,
    "69": 71,
    "70": 70,
    "71": 65,
    "72": 70,
    "73": 52,
    "74": 50,
    "75": 57,
    "76": 40,
    "77": 38,
    "78": 55,
    "79": 33,
    "80": 40,
    "81": 41,
    "82": 36,
    "83": 38,
    "84": 22,
    "85": 35,
    "86": 21,
    "87": 23,
    "88": 24,
    "89": 22,
    "90": 25,
    "91": 21
  }
}