{
  "metadata": {
    "tool_name": "DamageProfiler",
    "version": "1.1",
    "sample_name": "PcA013.ReedbuckBh_Human_nc.Target.rmdup.noMicro.bam"
  },
  "lendist_fw": {
    "30": 228,
    "31": 121,
    "32": 62,
    "33": 23,
    "34": 24,
    "35": 15,
    "36": 10,
    "37": 16,
    "38": 8,
    "39": 13,
    "40": 19,
    "41": 9,
    "42": 24,
    "43": 14,
    "44": 15,
    "45": 19,
    "46": 14,
    "47": 8,
    "48": 18,
    "49": 10,
    "50": 14,
    "51": 12,
    "52": 9,
    "53": 8,
    "54": 13,
    "55": 6,
    "56": 9,
    "57": 9,
    "58": 7,
    "59": 11,
    "60": 5,
    "61": 8,
    "62": 6,
    "63": 3,
    "64": 10,
    "65": 5,
    "66": 8,
    "67": 3,
    "68": 5,
    "69": 5,
    "70": 3,
    "71": 4,
    "72": 6,
    "73": 7,
    "74": 6,
    "75": 9,
    "76": 3,
    "77": 3,
    "78": 2,
    "79": 2,
    "80": 1,
    "81": 4,
    "82": 2,
    "83": 1,
    "84": 3,
    "85": 2,
    "86": 2,
    "87": 5,
    "88": 1,
    "89": 1,
    "91": 2
  },
  "dmg_5p": [
    0.031746031746031744,
    0.03273809523809524,
    0.02824858757062147,
    0.021505376344086023,
    0.03305785123966942,
    0.013477088948787063,
    0.017241379310344827,
    0.011764705882352941,
    0.011976047904191617,
    0.023880597014925373,
    0.015873015873015872,
    0.01694915254237288,
    0.0196078431372549,
    0.005747126436781609,
    0.014044943820224719,
    0.02531645569620253,
    0.013440860215053764,
    0.02373887240356083,
    0.016901408450704224,
    0.008064516129032258,
    0.01928374655647383,
    0.012698412698412698,
    0.014925373134328358,
    0.011976047904191617,
    0.024539877300613498
  ],
  "summary_stats": {
    "std": 15.725751834342303,
    "median": 37.0,
    "mean_readlength": 43.28387429160244
  },
  "dmg_3p": [
    0.045454545454545456,
    0.05855855855855856,
    0.025362318840579712,
    0.044673539518900345,
    0.019011406844106463,
    0.013605442176870748,
    0.016181229773462782,
    0.01597444089456869,
    0.0436241610738255,
    0.020477815699658702,
    0.018050541516245487,
    0.03215434083601286,
    0.01483679525222552,
    0.024096385542168676,
    0.028125,
    0.019867549668874173,
    0.0243161094224924,
    0.03343465045592705,
    0.015197568389057751,
    0.02359882005899705,
    0.01567398119122257,
    0.03426791277258567,
    0.03459119496855346,
    0.044585987261146494,
    0.027607361963190184
  ],
  "lendist_rv": {
    "30": 230,
    "31": 114,
    "32": 47,
    "33": 24,
    "34": 18,
    "35": 22,
    "36": 16,
    "37": 18,
    "38": 18,
    "39": 17,
    "40": 17,
    "41": 14,
    "42": 18,
    "43": 18,
    "44": 14,
    "45": 18,
    "46": 15,
    "47": 21,
    "48": 20,
    "49": 11,
    "50": 13,
    "51": 9,
    "52": 14,
    "53": 10,
    "54": 8,
    "55": 10,
    "56": 7,
    "57": 5,
    "58": 7,
    "59": 8,
    "60": 13,
    "61": 5,
    "62": 7,
    "63": 6,
    "64": 9,
    "65": 4,
    "66": 7,
    "67": 7,
    "68": 10,
    "69": 3,
    "70": 8,
    "71": 2,
    "72": 7,
    "73": 3,
    "74": 1,
    "75": 4,
    "76": 6,
    "77": 1,
    "78": 6,
    "79": 1,
    "80": 4,
    "81": 2,
    "82": 3,
    "83": 3,
    "84": 5,
    "85": 1,
    "86": 3,
    "87": 3,
    "88": 2,
    "89": 5,
    "90": 2
  }
}