{
  "metadata": {
    "tool_name": "DamageProfiler",
    "version": "1.1",
    "sample_name": "PcA009.ReedbuckBh_Human_nc.Target.rmdup.noMicro.bam"
  },
  "lendist_fw": {
    "64": 1,
    "65": 1,
    "68": 1,
    "69": 2,
    "133": 1,
    "70": 1,
    "71": 2,
    "72": 1,
    "74": 1,
    "75": 1,
    "76": 1,
    "78": 1,
    "86": 2,
    "88": 1,
    "30": 65,
    "31": 31,
    "32": 11,
    "33": 11,
    "34": 5,
    "98": 1,
    "35": 3,
    "36": 6,
    "37": 4,
    "38": 4,
    "39": 4,
    "40": 6,
    "41": 6,
    "42": 6,
    "43": 4,
    "44": 3,
    "45": 4,
    "46": 3,
    "47": 2,
    "48": 4,
    "49": 3,
    "50": 1,
    "51": 4,
    "52": 2,
    "53": 1,
    "54": 4,
    "55": 1,
    "56": 2,
    "58": 1,
    "59": 4,
    "61": 1,
    "63": 5
  },
  "dmg_5p": [
    0.05154639175257732,
    0.0,
    0.022058823529411766,
    0.008695652173913044,
    0.00980392156862745,
    0.0,
    0.01694915254237288,
    0.010101010101010102,
    0.010752688172043012,
    0.0,
    0.02857142857142857,
    0.031914893617021274,
    0.02,
    0.01,
    0.027522935779816515,
    0.020833333333333332,
    0.0196078431372549,
    0.011363636363636364,
    0.009615384615384616,
    0.022988505747126436,
    0.0,
    0.022727272727272728,
    0.011494252873563218,
    0.021052631578947368,
    0.011627906976744186
  ],
  "summary_stats": {
    "std": 15.938838982382942,
    "median": 35.0,
    "mean_readlength": 41.831460674157306
  },
  "dmg_3p": [
    0.0,
    0.022988505747126436,
    0.010638297872340425,
    0.03636363636363636,
    0.010638297872340425,
    0.02666666666666667,
    0.03409090909090909,
    0.03488372093023256,
    0.022222222222222223,
    0.010526315789473684,
    0.03409090909090909,
    0.04,
    0.0,
    0.011111111111111112,
    0.0,
    0.042105263157894736,
    0.0,
    0.022988505747126436,
    0.02531645569620253,
    0.011363636363636364,
    0.041237113402061855,
    0.01098901098901099,
    0.038461538461538464,
    0.031914893617021274,
    0.011764705882352941
  ],
  "lendist_rv": {
    "66": 1,
    "69": 2,
    "77": 1,
    "78": 1,
    "84": 1,
    "89": 1,
    "92": 2,
    "30": 57,
    "31": 25,
    "32": 12,
    "33": 17,
    "34": 17,
    "98": 2,
    "35": 7,
    "36": 6,
    "37": 9,
    "38": 8,
    "39": 4,
    "40": 2,
    "41": 5,
    "42": 8,
    "43": 3,
    "44": 4,
    "46": 3,
    "47": 2,
    "48": 1,
    "49": 5,
    "50": 1,
    "51": 1,
    "52": 1,
    "54": 2,
    "55": 1,
    "56": 1,
    "57": 1,
    "60": 1,
    "61": 2,
    "62": 1,
    "63": 3
  }
}