{
  "metadata": {
    "tool_name": "DamageProfiler",
    "version": "1.1",
    "sample_name": "RmA042.GrysbokCape_Human_nc.Target.rmdup.noMicro.bam"
  },
  "lendist_fw": {
    "30": 457,
    "31": 379,
    "32": 304,
    "33": 313,
    "34": 311,
    "35": 295,
    "36": 284,
    "37": 324,
    "38": 300,
    "39": 290,
    "40": 306,
    "41": 295,
    "42": 290,
    "43": 222,
    "44": 244,
    "45": 228,
    "46": 200,
    "47": 198,
    "48": 204,
    "49": 180,
    "50": 188,
    "51": 147,
    "52": 149,
    "53": 133,
    "54": 124,
    "55": 139,
    "56": 105,
    "57": 116,
    "58": 96,
    "59": 103,
    "60": 90,
    "61": 83,
    "62": 102,
    "63": 100,
    "64": 73,
    "65": 79,
    "66": 79,
    "67": 63,
    "68": 62,
    "69": 61,
    "70": 55,
    "71": 61,
    "72": 52,
    "73": 44,
    "74": 60,
    "75": 47,
    "76": 48,
    "77": 40,
    "78": 51,
    "79": 32,
    "80": 46,
    "81": 37,
    "82": 36,
    "83": 33,
    "84": 37,
    "85": 36,
    "86": 25,
    "87": 28,
    "88": 25,
    "89": 22,
    "90": 28,
    "91": 24
  },
  "dmg_5p": [
    0.03404639951792709,
    0.012537116463213462,
    0.00720937218383899,
    0.006820877817319098,
    0.005194805194805195,
    0.006391632771644393,
    0.003928679359323058,
    0.0034034653465346535,
    0.0029282576866764276,
    0.001516990291262136,
    0.0026455026455026454,
    0.0037528868360277136,
    0.0034522439585730723,
    0.0017569546120058566,
    0.002875215641173088,
    0.003242924528301887,
    0.0026470588235294116,
    0.004085205719288007,
    0.0014684287812041115,
    0.0014692918013517484,
    0.003429551300371535,
    0.0020172910662824206,
    0.002652519893899204,
    0.0020995800839832034,
    0.004132231404958678
  ],
  "summary_stats": {
    "std": 14.760949685562899,
    "median": 43.0,
    "mean_readlength": 47.3592838579256
  },
  "dmg_3p": [
    0.017226528854435832,
    0.010135135135135136,
    0.005307855626326964,
    0.00327653997378768,
    0.005795235028976175,
    0.0018933417481855476,
    9.532888465204957E-4,
    0.0018028846153846155,
    0.0012322858903265558,
    0.001539408866995074,
    0.001516530178950561,
    0.0012165450121654502,
    0.002192295646727216,
    0.002144607843137255,
    0.0015248551387618177,
    6.112469437652812E-4,
    0.002432350258437215,
    6.155740227762388E-4,
    0.002726446531354135,
    0.0021651716671821837,
    9.225092250922509E-4,
    0.0028239723878255413,
    0.0022328548644338117,
    0.001562011871290222,
    0.0015179113539769277
  ],
  "lendist_rv": {
    "30": 475,
    "31": 351,
    "32": 336,
    "33": 324,
    "34": 314,
    "35": 318,
    "36": 278,
    "37": 264,
    "38": 281,
    "39": 319,
    "40": 286,
    "41": 222,
    "42": 285,
    "43": 256,
    "44": 241,
    "45": 230,
    "46": 209,
    "47": 209,
    "48": 207,
    "49": 185,
    "50": 178,
    "51": 153,
    "52": 152,
    "53": 148,
    "54": 148,
    "55": 133,
    "56": 121,
    "57": 115,
    "58": 97,
    "59": 92,
    "60": 95,
    "61": 99,
    "62": 79,
    "63": 66,
    "64": 96,
    "65": 84,
    "66": 54,
    "67": 68,
    "68": 58,
    "69": 73,
    "70": 55,
    "71": 59,
    "72": 56,
    "73": 44,
    "74": 57,
    "75": 44,
    "76": 50,
    "77": 43,
    "78": 39,
    "79": 50,
    "80": 38,
    "81": 49,
    "82": 30,
    "83": 35,
    "84": 36,
    "85": 41,
    "86": 36,
    "87": 36,
    "88": 31,
    "89": 30,
    "90": 28,
    "91": 22
  }
}