{
  "metadata": {
    "tool_name": "DamageProfiler",
    "version": "1.1",
    "sample_name": "PcA024.ReedbuckBh_Human_nc.Target.rmdup.noMicro.bam"
  },
  "lendist_fw": {
    "69": 1,
    "73": 1,
    "75": 1,
    "76": 1,
    "30": 216,
    "31": 86,
    "32": 18,
    "33": 11,
    "34": 2,
    "35": 2,
    "36": 2,
    "40": 2,
    "41": 2,
    "43": 2,
    "44": 1,
    "45": 1,
    "46": 1,
    "47": 1,
    "48": 1,
    "49": 1,
    "50": 1,
    "51": 1,
    "52": 2,
    "55": 1,
    "56": 1
  },
  "dmg_5p": [
    0.037037037037037035,
    0.028169014084507043,
    0.006578947368421052,
    0.0070921985815602835,
    0.013157894736842105,
    0.03496503496503497,
    0.006289308176100629,
    0.0189873417721519,
    0.022388059701492536,
    0.02027027027027027,
    0.033112582781456956,
    0.023952095808383235,
    0.02054794520547945,
    0.02631578947368421,
    0.036585365853658534,
    0.014705882352941176,
    0.0064516129032258064,
    0.007246376811594203,
    0.026143790849673203,
    0.012578616352201259,
    0.03048780487804878,
    0.04597701149425287,
    0.03571428571428571,
    0.03550295857988166,
    0.02040816326530612
  ],
  "summary_stats": {
    "std": 6.721956175636048,
    "median": 30.0,
    "mean_readlength": 32.38126649076518
  },
  "dmg_3p": [
    0.033707865168539325,
    0.0660377358490566,
    0.017391304347826087,
    0.01818181818181818,
    0.05357142857142857,
    0.008928571428571428,
    0.058823529411764705,
    0.02586206896551724,
    0.008403361344537815,
    0.01680672268907563,
    0.016260162601626018,
    0.04,
    0.02727272727272727,
    0.007874015748031496,
    0.033783783783783786,
    0.05042016806722689,
    0.023255813953488372,
    0.03125,
    0.024193548387096774,
    0.009259259259259259,
    0.017241379310344827,
    0.022222222222222223,
    0.015873015873015872,
    0.03731343283582089,
    0.024242424242424242
  ],
  "lendist_rv": {
    "32": 33,
    "33": 9,
    "34": 5,
    "35": 1,
    "36": 1,
    "37": 2,
    "38": 3,
    "39": 1,
    "42": 2,
    "74": 1,
    "46": 2,
    "50": 1,
    "51": 1,
    "61": 2,
    "30": 216,
    "62": 1,
    "31": 76
  }
}