{
  "metadata": {
    "tool_name": "DamageProfiler",
    "version": "1.1",
    "sample_name": "RmA035.GrysbokCape_Human_nc.Target.rmdup.noMicro.bam"
  },
  "lendist_fw": {
    "30": 218,
    "31": 173,
    "32": 117,
    "33": 94,
    "34": 101,
    "35": 80,
    "36": 89,
    "37": 90,
    "38": 94,
    "39": 80,
    "40": 87,
    "41": 98,
    "42": 84,
    "43": 79,
    "44": 57,
    "45": 80,
    "46": 66,
    "47": 70,
    "48": 51,
    "49": 58,
    "50": 60,
    "51": 52,
    "52": 44,
    "53": 47,
    "54": 55,
    "55": 50,
    "56": 23,
    "57": 32,
    "58": 32,
    "59": 29,
    "60": 27,
    "61": 34,
    "62": 31,
    "63": 18,
    "64": 19,
    "65": 22,
    "66": 22,
    "67": 18,
    "68": 15,
    "69": 9,
    "70": 15,
    "71": 13,
    "72": 11,
    "73": 10,
    "74": 11,
    "75": 12,
    "76": 10,
    "77": 7,
    "78": 10,
    "79": 10,
    "80": 7,
    "81": 11,
    "82": 4,
    "83": 6,
    "84": 4,
    "85": 6,
    "86": 3,
    "87": 8,
    "88": 6,
    "89": 6,
    "90": 3,
    "91": 5
  },
  "dmg_5p": [
    0.025329280648429583,
    0.022050716648291068,
    0.011615628299894404,
    0.00946372239747634,
    0.009193054136874362,
    0.00910010111223458,
    0.007077856420626896,
    0.002044989775051125,
    0.007376185458377239,
    0.006756756756756757,
    0.005946481665014866,
    0.009018036072144289,
    0.001943634596695821,
    0.006042296072507553,
    0.006679389312977099,
    0.004214963119072708,
    0.0031446540880503146,
    0.001990049751243781,
    0.00881488736532811,
    0.00408997955010225,
    0.007253886010362694,
    0.0031746031746031746,
    0.006437768240343348,
    0.003134796238244514,
    0.006692160611854685
  ],
  "summary_stats": {
    "std": 13.6199975255683,
    "median": 42.0,
    "mean_readlength": 45.55778063567838
  },
  "dmg_3p": [
    0.020602218700475437,
    0.009485094850948509,
    0.008443908323281062,
    0.007237635705669481,
    0.005656108597285068,
    0.004371584699453552,
    0.0031914893617021275,
    0.0010298661174047373,
    0.004940711462450593,
    0.004259850905218318,
    0.002074688796680498,
    0.002081165452653486,
    0.001040582726326743,
    9.861932938856016E-4,
    0.004132231404958678,
    0.005470459518599562,
    0.0030120481927710845,
    0.003,
    0.0020242914979757085,
    0.005946481665014866,
    0.0040858018386108275,
    0.0029615004935834156,
    0.0020470829068577278,
    0.0020470829068577278,
    0.004077471967380225
  ],
  "lendist_rv": {
    "30": 218,
    "31": 117,
    "32": 109,
    "33": 100,
    "34": 87,
    "35": 76,
    "36": 64,
    "37": 119,
    "38": 85,
    "39": 86,
    "40": 98,
    "41": 93,
    "42": 83,
    "43": 87,
    "44": 73,
    "45": 75,
    "46": 65,
    "47": 55,
    "48": 72,
    "49": 51,
    "50": 58,
    "51": 58,
    "52": 53,
    "53": 46,
    "54": 36,
    "55": 33,
    "56": 37,
    "57": 42,
    "58": 31,
    "59": 42,
    "60": 18,
    "61": 26,
    "62": 25,
    "63": 34,
    "64": 28,
    "65": 24,
    "66": 15,
    "67": 17,
    "68": 14,
    "69": 16,
    "70": 14,
    "71": 14,
    "72": 13,
    "73": 5,
    "74": 15,
    "75": 14,
    "76": 7,
    "77": 11,
    "78": 4,
    "79": 9,
    "80": 11,
    "81": 6,
    "82": 3,
    "83": 5,
    "84": 10,
    "85": 4,
    "86": 4,
    "87": 5,
    "88": 2,
    "89": 7,
    "90": 2,
    "91": 5
  }
}