{
  "metadata": {
    "tool_name": "DamageProfiler",
    "version": "1.1",
    "sample_name": "PaA016.BuffaloCape_Human_nc.Target.rmdup.noMicro.bam"
  },
  "lendist_fw": {
    "64": 3,
    "66": 1,
    "67": 1,
    "68": 1,
    "72": 1,
    "73": 2,
    "74": 2,
    "75": 1,
    "77": 1,
    "30": 311,
    "31": 145,
    "32": 91,
    "33": 51,
    "34": 47,
    "35": 64,
    "36": 34,
    "37": 32,
    "38": 29,
    "39": 29,
    "40": 30,
    "41": 19,
    "42": 25,
    "43": 20,
    "44": 25,
    "45": 20,
    "46": 18,
    "47": 12,
    "48": 15,
    "49": 19,
    "50": 12,
    "51": 9,
    "52": 4,
    "53": 9,
    "54": 8,
    "55": 10,
    "56": 5,
    "57": 3,
    "58": 4,
    "59": 6,
    "60": 6,
    "61": 5,
    "62": 2
  },
  "dmg_5p": [
    0.1583710407239819,
    0.027700831024930747,
    0.011160714285714286,
    0.007594936708860759,
    0.018475750577367205,
    0.0234375,
    0.007462686567164179,
    0.0199501246882793,
    0.00954653937947494,
    0.012254901960784314,
    0.010362694300518135,
    0.012594458438287154,
    0.009592326139088728,
    0.013544018058690745,
    0.02531645569620253,
    0.01078167115902965,
    0.007042253521126761,
    0.018604651162790697,
    0.007352941176470588,
    0.01818181818181818,
    0.012531328320802004,
    0.016706443914081145,
    0.01808785529715762,
    0.014778325123152709,
    0.02
  ],
  "summary_stats": {
    "std": 9.166513611835503,
    "median": 33.0,
    "mean_readlength": 37.13797522426306
  },
  "dmg_3p": [
    0.06511627906976744,
    0.03237410071942446,
    0.020527859237536656,
    0.022535211267605635,
    0.005649717514124294,
    0.013192612137203167,
    0.018072289156626505,
    0.010498687664041995,
    0.007978723404255319,
    0.029154518950437316,
    0.008379888268156424,
    0.017804154302670624,
    0.007772020725388601,
    0.012594458438287154,
    0.016260162601626018,
    0.01871657754010695,
    0.0136986301369863,
    0.01662049861495845,
    0.0215633423180593,
    0.02459016393442623,
    0.010416666666666666,
    0.01749271137026239,
    0.02425876010781671,
    0.015113350125944584,
    0.020050125313283207
  ],
  "lendist_rv": {
    "64": 3,
    "66": 2,
    "67": 2,
    "68": 4,
    "69": 1,
    "70": 1,
    "71": 1,
    "73": 2,
    "75": 1,
    "76": 1,
    "78": 1,
    "88": 1,
    "30": 301,
    "31": 144,
    "32": 79,
    "33": 63,
    "34": 56,
    "35": 44,
    "36": 34,
    "37": 40,
    "38": 25,
    "39": 25,
    "40": 35,
    "41": 24,
    "42": 25,
    "43": 28,
    "44": 29,
    "45": 17,
    "46": 13,
    "47": 12,
    "48": 16,
    "49": 6,
    "50": 15,
    "51": 15,
    "52": 7,
    "53": 11,
    "54": 7,
    "55": 8,
    "56": 5,
    "57": 5,
    "58": 4,
    "59": 2,
    "60": 1,
    "61": 1,
    "62": 2,
    "63": 2
  }
}