{
  "metadata": {
    "tool_name": "DamageProfiler",
    "version": "1.1",
    "sample_name": "RmA033.GrysbokCape_Human_nc.Target.rmdup.noMicro.bam"
  },
  "lendist_fw": {
    "30": 172,
    "31": 83,
    "32": 52,
    "33": 26,
    "34": 14,
    "35": 26,
    "36": 26,
    "37": 22,
    "38": 35,
    "39": 24,
    "40": 22,
    "41": 24,
    "42": 20,
    "43": 19,
    "44": 20,
    "45": 13,
    "46": 12,
    "47": 19,
    "48": 11,
    "49": 13,
    "50": 10,
    "51": 17,
    "52": 16,
    "53": 8,
    "54": 14,
    "55": 5,
    "56": 7,
    "57": 8,
    "58": 10,
    "59": 6,
    "60": 12,
    "61": 13,
    "62": 2,
    "63": 9,
    "64": 10,
    "65": 7,
    "66": 7,
    "67": 5,
    "68": 2,
    "69": 5,
    "70": 7,
    "71": 4,
    "72": 5,
    "73": 2,
    "74": 3,
    "75": 5,
    "76": 3,
    "77": 3,
    "78": 1,
    "79": 1,
    "80": 5,
    "81": 6,
    "82": 1,
    "83": 2,
    "84": 2,
    "85": 3,
    "86": 3,
    "87": 2,
    "89": 1,
    "90": 1,
    "91": 1
  },
  "dmg_5p": [
    0.05555555555555555,
    0.03558718861209965,
    0.014534883720930232,
    0.008620689655172414,
    0.01634877384196185,
    0.022151898734177215,
    0.020348837209302327,
    0.019801980198019802,
    0.018808777429467086,
    0.021671826625386997,
    0.009868421052631578,
    0.03418803418803419,
    0.020771513353115726,
    0.021212121212121213,
    0.028481012658227847,
    0.011904761904761904,
    0.021341463414634148,
    0.006269592476489028,
    0.008902077151335312,
    0.0121580547112462,
    0.013377926421404682,
    0.011976047904191617,
    0.014970059880239521,
    0.020895522388059702,
    0.03333333333333333
  ],
  "summary_stats": {
    "std": 15.167864818390044,
    "median": 39.0,
    "mean_readlength": 44.07753584705241
  },
  "dmg_3p": [
    0.055,
    0.021834061135371178,
    0.03345724907063197,
    0.020618556701030927,
    0.03900709219858156,
    0.011111111111111112,
    0.013333333333333334,
    0.020172910662824207,
    0.043333333333333335,
    0.0273972602739726,
    0.023333333333333334,
    0.03076923076923077,
    0.018691588785046728,
    0.016722408026755852,
    0.016233766233766232,
    0.021021021021021023,
    0.015060240963855422,
    0.028846153846153848,
    0.030959752321981424,
    0.018808777429467086,
    0.041379310344827586,
    0.00625,
    0.015822784810126583,
    0.018617021276595744,
    0.00974025974025974
  ],
  "lendist_rv": {
    "30": 190,
    "31": 79,
    "32": 32,
    "33": 32,
    "34": 28,
    "35": 21,
    "36": 24,
    "37": 22,
    "38": 17,
    "39": 18,
    "40": 17,
    "41": 20,
    "42": 23,
    "43": 19,
    "44": 15,
    "45": 18,
    "46": 16,
    "47": 18,
    "48": 19,
    "49": 11,
    "50": 10,
    "51": 12,
    "52": 18,
    "53": 12,
    "54": 7,
    "55": 11,
    "56": 8,
    "57": 9,
    "58": 15,
    "59": 2,
    "60": 9,
    "61": 7,
    "62": 10,
    "63": 6,
    "64": 6,
    "65": 2,
    "66": 10,
    "67": 5,
    "68": 4,
    "69": 6,
    "70": 4,
    "71": 5,
    "72": 4,
    "73": 3,
    "74": 5,
    "75": 6,
    "76": 2,
    "77": 2,
    "78": 2,
    "79": 4,
    "80": 4,
    "81": 8,
    "82": 4,
    "83": 2,
    "84": 2,
    "85": 2,
    "86": 2,
    "87": 2,
    "88": 1,
    "89": 1,
    "90": 1
  }
}