{
  "metadata": {
    "tool_name": "DamageProfiler",
    "version": "1.1",
    "sample_name": "PaA015.BuffaloCape_Human_nc.Target.rmdup.noMicro.bam"
  },
  "lendist_fw": {
    "30": 229,
    "31": 202,
    "32": 199,
    "33": 218,
    "34": 248,
    "35": 199,
    "36": 215,
    "37": 193,
    "38": 188,
    "39": 195,
    "40": 172,
    "41": 177,
    "42": 138,
    "43": 114,
    "44": 142,
    "45": 127,
    "46": 118,
    "47": 89,
    "48": 90,
    "49": 70,
    "50": 74,
    "51": 66,
    "52": 69,
    "53": 74,
    "54": 61,
    "55": 58,
    "56": 55,
    "57": 58,
    "58": 46,
    "59": 32,
    "60": 32,
    "61": 36,
    "62": 15,
    "63": 21,
    "64": 28,
    "65": 15,
    "66": 20,
    "67": 22,
    "68": 17,
    "69": 29,
    "70": 15,
    "71": 16,
    "72": 16,
    "73": 13,
    "74": 5,
    "75": 6,
    "76": 6,
    "77": 5,
    "78": 13,
    "79": 4,
    "80": 6,
    "81": 6,
    "82": 6,
    "83": 1,
    "84": 2,
    "85": 4,
    "86": 4,
    "87": 1,
    "88": 2,
    "89": 2,
    "90": 1,
    "91": 3
  },
  "dmg_5p": [
    0.2689419795221843,
    0.061815336463223784,
    0.02529960053262317,
    0.011583011583011582,
    0.017663043478260868,
    0.011734028683181226,
    0.010774410774410775,
    0.013680781758957655,
    0.008469055374592834,
    0.015121630506245891,
    0.0071567989590110605,
    0.010169491525423728,
    0.007241606319947334,
    0.01098901098901099,
    0.008666666666666666,
    0.013662979830839297,
    0.011432414256893073,
    0.014854827819041188,
    0.009966777408637873,
    0.011596180081855388,
    0.011325782811459028,
    0.007889546351084813,
    0.007482993197278911,
    0.008316008316008316,
    0.0059210526315789476
  ],
  "summary_stats": {
    "std": 11.286048741830989,
    "median": 40.0,
    "mean_readlength": 42.95815512657457
  },
  "dmg_3p": [
    0.024489795918367346,
    0.02091633466135458,
    0.014263074484944533,
    0.010551948051948052,
    0.008239700374531835,
    0.0038109756097560975,
    0.009433962264150943,
    0.011730205278592375,
    0.0034602076124567475,
    0.003663003663003663,
    0.003538570417551309,
    0.007779349363507779,
    0.00684931506849315,
    0.008915304606240713,
    0.007168458781362007,
    0.008281573498964804,
    0.006746626686656672,
    0.00628053035589672,
    0.011194029850746268,
    0.00425531914893617,
    0.0028188865398167725,
    0.008940852819807428,
    0.004431314623338257,
    0.005669737774627924,
    0.004216444132115249
  ],
  "lendist_rv": {
    "30": 215,
    "31": 228,
    "32": 221,
    "33": 211,
    "34": 215,
    "35": 231,
    "36": 179,
    "37": 206,
    "38": 193,
    "39": 172,
    "40": 159,
    "41": 155,
    "42": 150,
    "43": 124,
    "44": 137,
    "45": 130,
    "46": 100,
    "47": 98,
    "48": 85,
    "49": 91,
    "50": 87,
    "51": 77,
    "52": 62,
    "53": 55,
    "54": 73,
    "55": 52,
    "56": 50,
    "57": 30,
    "58": 40,
    "59": 43,
    "60": 41,
    "61": 34,
    "62": 30,
    "63": 26,
    "64": 31,
    "65": 19,
    "66": 23,
    "67": 17,
    "68": 15,
    "69": 16,
    "70": 18,
    "71": 13,
    "72": 10,
    "73": 7,
    "74": 6,
    "75": 7,
    "76": 4,
    "77": 7,
    "78": 4,
    "79": 6,
    "80": 3,
    "81": 5,
    "82": 9,
    "83": 1,
    "84": 3,
    "85": 6,
    "86": 1,
    "87": 1,
    "88": 1,
    "89": 2,
    "90": 1,
    "91": 3
  }
}