{
  "metadata": {
    "tool_name": "DamageProfiler",
    "version": "1.1",
    "sample_name": "ScA041.BuffaloCape_Human_nc.Target.rmdup.noMicro.bam"
  },
  "lendist_fw": {
    "30": 10260,
    "31": 10688,
    "32": 11094,
    "33": 11577,
    "34": 11571,
    "35": 11705,
    "36": 12053,
    "37": 12286,
    "38": 12309,
    "39": 12343,
    "40": 12119,
    "41": 11872,
    "42": 11808,
    "43": 11625,
    "44": 11170,
    "45": 10909,
    "46": 10601,
    "47": 10348,
    "48": 9982,
    "49": 9635,
    "50": 9280,
    "51": 8960,
    "52": 8793,
    "53": 8342,
    "54": 7964,
    "55": 7650,
    "56": 7267,
    "57": 6997,
    "58": 6606,
    "59": 6380,
    "60": 6190,
    "61": 5742,
    "62": 5491,
    "63": 5280,
    "64": 5041,
    "65": 4680,
    "66": 4351,
    "67": 4198,
    "68": 4123,
    "69": 3758,
    "70": 3519,
    "71": 3389,
    "72": 3241,
    "73": 2977,
    "74": 2864,
    "75": 2729,
    "76": 2520,
    "77": 2434,
    "78": 2208,
    "79": 2137,
    "80": 1939,
    "81": 1929,
    "82": 1871,
    "83": 1629,
    "84": 1645,
    "85": 1592,
    "86": 1482,
    "87": 1355,
    "88": 1294,
    "89": 1219,
    "90": 1153,
    "91": 1045
  },
  "dmg_5p": [
    0.04401591964370321,
    0.014572166564641593,
    0.010003965410489554,
    0.008199343496161122,
    0.006873974858947397,
    0.00673928114334471,
    0.005842760602712613,
    0.006265180885109032,
    0.005793571221898488,
    0.005375236703099565,
    0.005494070102221401,
    0.0053564819924814475,
    0.004571727133200536,
    0.005163073593355803,
    0.004682370482755013,
    0.004806244188635262,
    0.004634525254898889,
    0.004864186451810089,
    0.004554131620267515,
    0.00474959066455285,
    0.004717073202469795,
    0.0049395801029787955,
    0.004825349691333906,
    0.0051580807750212735,
    0.004811199842255743
  ],
  "summary_stats": {
    "std": 14.433990151807853,
    "median": 47.0,
    "mean_readlength": 49.78077028916393
  },
  "dmg_3p": [
    0.008314462432825227,
    0.00655987457105668,
    0.00512658102571208,
    0.004258826761917846,
    0.004186337671822426,
    0.0036929057337220603,
    0.0034825004353125546,
    0.003739835319388329,
    0.0034088002046559224,
    0.0034460093297511854,
    0.0031881724552122468,
    0.003587443946188341,
    0.003325694661653655,
    0.0035381335709058514,
    0.003554185403635715,
    0.0038302756657006424,
    0.003420577270456205,
    0.003756247080429761,
    0.0031849582815323685,
    0.003650591702735706,
    0.0033925542362289083,
    0.0035555555555555557,
    0.003484765320840939,
    0.003560876307409558,
    0.003392319181792866
  ],
  "lendist_rv": {
    "30": 10096,
    "31": 10725,
    "32": 10920,
    "33": 11278,
    "34": 11649,
    "35": 11899,
    "36": 12093,
    "37": 12108,
    "38": 12024,
    "39": 12249,
    "40": 12124,
    "41": 12262,
    "42": 11879,
    "43": 11618,
    "44": 11440,
    "45": 11145,
    "46": 10818,
    "47": 10456,
    "48": 10259,
    "49": 9835,
    "50": 9480,
    "51": 9115,
    "52": 8646,
    "53": 8363,
    "54": 7890,
    "55": 7736,
    "56": 7396,
    "57": 6995,
    "58": 6602,
    "59": 6240,
    "60": 5889,
    "61": 5796,
    "62": 5453,
    "63": 5212,
    "64": 4940,
    "65": 4671,
    "66": 4535,
    "67": 4194,
    "68": 3924,
    "69": 3881,
    "70": 3595,
    "71": 3400,
    "72": 3223,
    "73": 2973,
    "74": 2952,
    "75": 2584,
    "76": 2603,
    "77": 2444,
    "78": 2257,
    "79": 2157,
    "80": 2068,
    "81": 1838,
    "82": 1848,
    "83": 1694,
    "84": 1680,
    "85": 1479,
    "86": 1470,
    "87": 1273,
    "88": 1274,
    "89": 1226,
    "90": 1141,
    "91": 1083
  }
}