{
  "metadata": {
    "tool_name": "DamageProfiler",
    "version": "1.1",
    "sample_name": "PcA017.ReedbuckBh_Human_nc.Target.rmdup.noMicro.bam"
  },
  "lendist_fw": {
    "30": 222,
    "31": 139,
    "32": 102,
    "33": 93,
    "34": 111,
    "35": 97,
    "36": 97,
    "37": 113,
    "38": 115,
    "39": 105,
    "40": 102,
    "41": 105,
    "42": 112,
    "43": 104,
    "44": 102,
    "45": 92,
    "46": 104,
    "47": 108,
    "48": 105,
    "49": 110,
    "50": 95,
    "51": 87,
    "52": 84,
    "53": 103,
    "54": 67,
    "55": 78,
    "56": 76,
    "57": 84,
    "58": 67,
    "59": 70,
    "60": 91,
    "61": 60,
    "62": 59,
    "63": 59,
    "64": 57,
    "65": 47,
    "66": 56,
    "67": 46,
    "68": 38,
    "69": 49,
    "70": 45,
    "71": 38,
    "72": 44,
    "73": 39,
    "74": 38,
    "75": 39,
    "76": 40,
    "77": 32,
    "78": 31,
    "79": 29,
    "80": 30,
    "81": 34,
    "82": 32,
    "83": 31,
    "84": 30,
    "85": 32,
    "86": 30,
    "87": 25,
    "88": 31,
    "89": 22,
    "90": 21,
    "91": 21
  },
  "dmg_5p": [
    0.023635340461451885,
    0.02578616352201258,
    0.02510460251046025,
    0.02219626168224299,
    0.021101992966002344,
    0.01762917933130699,
    0.025215252152521524,
    0.022933011466505733,
    0.02145922746781116,
    0.021893491124260357,
    0.024783147459727387,
    0.017931858936043037,
    0.018607442977190875,
    0.018912529550827423,
    0.012389380530973451,
    0.02332535885167464,
    0.017543859649122806,
    0.023058252427184466,
    0.019755955839628123,
    0.015448603683897801,
    0.01936619718309859,
    0.020581113801452784,
    0.01653398652786283,
    0.016587677725118485,
    0.015596880623875225
  ],
  "summary_stats": {
    "std": 16.27564841827211,
    "median": 49.0,
    "mean_readlength": 51.927193385393004
  },
  "dmg_3p": [
    0.031758326878388844,
    0.03084648493543759,
    0.026298909557408594,
    0.021739130434782608,
    0.02412698412698413,
    0.016574585635359115,
    0.014723926380368098,
    0.021114369501466276,
    0.014167650531286895,
    0.013585351447135264,
    0.014732965009208104,
    0.020870602265951103,
    0.017139479905437353,
    0.012850467289719626,
    0.02270081490104773,
    0.016149068322981366,
    0.016049382716049384,
    0.0192195690157251,
    0.01574344023323615,
    0.016538688718251624,
    0.01608910891089109,
    0.019963702359346643,
    0.01995305164319249,
    0.028364514182257092,
    0.015503875968992248
  ],
  "lendist_rv": {
    "30": 201,
    "31": 149,
    "32": 95,
    "33": 110,
    "34": 114,
    "35": 122,
    "36": 98,
    "37": 91,
    "38": 97,
    "39": 106,
    "40": 111,
    "41": 112,
    "42": 119,
    "43": 85,
    "44": 98,
    "45": 90,
    "46": 96,
    "47": 96,
    "48": 97,
    "49": 81,
    "50": 96,
    "51": 77,
    "52": 98,
    "53": 88,
    "54": 68,
    "55": 80,
    "56": 77,
    "57": 84,
    "58": 78,
    "59": 70,
    "60": 72,
    "61": 50,
    "62": 63,
    "63": 63,
    "64": 49,
    "65": 59,
    "66": 54,
    "67": 49,
    "68": 48,
    "69": 39,
    "70": 40,
    "71": 43,
    "72": 43,
    "73": 34,
    "74": 46,
    "75": 34,
    "76": 35,
    "77": 42,
    "78": 30,
    "79": 35,
    "80": 40,
    "81": 27,
    "82": 33,
    "83": 31,
    "84": 36,
    "85": 25,
    "86": 26,
    "87": 29,
    "88": 25,
    "89": 22,
    "90": 27,
    "91": 26
  }
}