{
  "metadata": {
    "tool_name": "DamageProfiler",
    "version": "1.1",
    "sample_name": "PcA022.ReedbuckBh_Human_nc.Target.rmdup.noMicro.bam"
  },
  "lendist_fw": {
    "30": 292,
    "31": 116,
    "32": 65,
    "33": 24,
    "34": 29,
    "35": 25,
    "36": 17,
    "37": 19,
    "38": 23,
    "39": 26,
    "40": 23,
    "41": 25,
    "42": 23,
    "43": 21,
    "44": 18,
    "45": 27,
    "46": 20,
    "47": 14,
    "48": 21,
    "49": 16,
    "50": 22,
    "51": 19,
    "52": 20,
    "53": 11,
    "54": 21,
    "55": 11,
    "56": 19,
    "57": 23,
    "58": 8,
    "59": 9,
    "60": 9,
    "61": 11,
    "62": 9,
    "63": 10,
    "64": 14,
    "65": 8,
    "66": 14,
    "67": 6,
    "68": 6,
    "69": 6,
    "70": 6,
    "71": 5,
    "72": 3,
    "73": 4,
    "74": 3,
    "75": 2,
    "76": 8,
    "77": 1,
    "78": 9,
    "79": 3,
    "80": 4,
    "81": 7,
    "82": 3,
    "83": 3,
    "84": 1,
    "85": 4,
    "86": 1,
    "87": 4,
    "89": 2,
    "90": 2,
    "91": 1
  },
  "dmg_5p": [
    0.06779661016949153,
    0.05080213903743316,
    0.02158273381294964,
    0.03299492385786802,
    0.020253164556962026,
    0.017369727047146403,
    0.018469656992084433,
    0.026737967914438502,
    0.02588235294117647,
    0.028639618138424822,
    0.024752475247524754,
    0.029055690072639227,
    0.017543859649122806,
    0.013054830287206266,
    0.02669902912621359,
    0.015345268542199489,
    0.021052631578947368,
    0.04028436018957346,
    0.014457831325301205,
    0.012195121951219513,
    0.02072538860103627,
    0.02512562814070352,
    0.02,
    0.011682242990654205,
    0.019444444444444445
  ],
  "summary_stats": {
    "std": 14.848774498051766,
    "median": 37.0,
    "mean_readlength": 42.84671221178493
  },
  "dmg_3p": [
    0.04979253112033195,
    0.0364963503649635,
    0.033846153846153845,
    0.025936599423631124,
    0.02849002849002849,
    0.029490616621983913,
    0.010958904109589041,
    0.01907356948228883,
    0.036939313984168866,
    0.010638297872340425,
    0.02127659574468085,
    0.02030456852791878,
    0.02925531914893617,
    0.019704433497536946,
    0.021447721179624665,
    0.0339943342776204,
    0.020460358056265986,
    0.012285012285012284,
    0.02997275204359673,
    0.014814814814814815,
    0.027548209366391185,
    0.0291005291005291,
    0.018134715025906734,
    0.02072538860103627,
    0.01876675603217158
  ],
  "lendist_rv": {
    "30": 286,
    "31": 105,
    "32": 73,
    "33": 34,
    "34": 26,
    "35": 19,
    "36": 23,
    "37": 18,
    "38": 18,
    "39": 12,
    "40": 15,
    "41": 17,
    "42": 17,
    "43": 31,
    "44": 14,
    "45": 26,
    "46": 16,
    "47": 21,
    "48": 7,
    "49": 19,
    "50": 18,
    "51": 24,
    "52": 17,
    "53": 16,
    "54": 9,
    "55": 8,
    "56": 8,
    "57": 15,
    "58": 9,
    "59": 8,
    "60": 6,
    "61": 11,
    "62": 9,
    "63": 5,
    "64": 9,
    "65": 7,
    "66": 4,
    "67": 6,
    "68": 2,
    "69": 3,
    "70": 6,
    "71": 5,
    "72": 2,
    "73": 3,
    "74": 3,
    "75": 5,
    "76": 3,
    "77": 3,
    "79": 2,
    "80": 3,
    "82": 1,
    "83": 3,
    "84": 3,
    "86": 1,
    "87": 4,
    "88": 1,
    "89": 2,
    "91": 6
  }
}