{
  "metadata": {
    "tool_name": "DamageProfiler",
    "version": "1.1",
    "sample_name": "RmA043.GrysbokCape_Human_nc.Target.rmdup.noMicro.bam"
  },
  "lendist_fw": {
    "30": 289,
    "31": 255,
    "32": 205,
    "33": 170,
    "34": 221,
    "35": 199,
    "36": 173,
    "37": 200,
    "38": 189,
    "39": 178,
    "40": 160,
    "41": 175,
    "42": 186,
    "43": 170,
    "44": 136,
    "45": 134,
    "46": 152,
    "47": 154,
    "48": 113,
    "49": 114,
    "50": 120,
    "51": 116,
    "52": 102,
    "53": 108,
    "54": 109,
    "55": 92,
    "56": 81,
    "57": 73,
    "58": 55,
    "59": 87,
    "60": 75,
    "61": 56,
    "62": 67,
    "63": 71,
    "64": 69,
    "65": 52,
    "66": 50,
    "67": 51,
    "68": 40,
    "69": 48,
    "70": 49,
    "71": 41,
    "72": 45,
    "73": 39,
    "74": 30,
    "75": 36,
    "76": 23,
    "77": 30,
    "78": 36,
    "79": 26,
    "80": 23,
    "81": 22,
    "82": 32,
    "83": 23,
    "84": 23,
    "85": 25,
    "86": 18,
    "87": 21,
    "88": 16,
    "89": 19,
    "90": 18,
    "91": 20
  },
  "dmg_5p": [
    0.05415002219263205,
    0.01415836392239119,
    0.007048872180451127,
    0.004995458673932788,
    0.008767881864328565,
    0.004893238434163701,
    0.003148897885739991,
    0.005142589995324918,
    0.005087881591119334,
    0.004966139954853273,
    0.006200177147918512,
    0.0036036036036036037,
    0.004102096627164996,
    0.002208480565371025,
    0.003131991051454139,
    0.0026536930561698365,
    0.0022851919561243145,
    0.003942181340341655,
    0.0031774852473899226,
    0.003109729009329187,
    0.0013501350135013501,
    0.003683241252302026,
    0.002717391304347826,
    0.0017985611510791368,
    0.0037400654511453952
  ],
  "summary_stats": {
    "std": 14.898413024119137,
    "median": 44.0,
    "mean_readlength": 48.023151734228875
  },
  "dmg_3p": [
    0.023878437047756874,
    0.010303030303030303,
    0.008629989212513484,
    0.002594706798131811,
    0.004665629860031105,
    0.0014691478942213516,
    0.002387774594078319,
    0.0023934897079942556,
    0.001775410563692854,
    0.00229147571035747,
    0.0037002775208140612,
    0.0018535681186283596,
    0.002321262766945218,
    0.0036798528058877645,
    0.0018315018315018315,
    0.002216312056737589,
    0.002707581227436823,
    9.416195856873823E-4,
    9.276437847866419E-4,
    0.0027223230490018148,
    0.0013966480446927375,
    0.0033034450212364322,
    0.0018298261665141812,
    0.0054694621695533276,
    4.4169611307420494E-4
  ],
  "lendist_rv": {
    "30": 344,
    "31": 229,
    "32": 204,
    "33": 198,
    "34": 174,
    "35": 183,
    "36": 189,
    "37": 186,
    "38": 171,
    "39": 202,
    "40": 168,
    "41": 168,
    "42": 178,
    "43": 148,
    "44": 182,
    "45": 159,
    "46": 135,
    "47": 146,
    "48": 132,
    "49": 112,
    "50": 138,
    "51": 108,
    "52": 120,
    "53": 97,
    "54": 88,
    "55": 95,
    "56": 98,
    "57": 72,
    "58": 81,
    "59": 83,
    "60": 78,
    "61": 69,
    "62": 63,
    "63": 52,
    "64": 58,
    "65": 55,
    "66": 57,
    "67": 58,
    "68": 46,
    "69": 45,
    "70": 36,
    "71": 48,
    "72": 44,
    "73": 39,
    "74": 31,
    "75": 43,
    "76": 29,
    "77": 31,
    "78": 27,
    "79": 29,
    "80": 18,
    "81": 17,
    "82": 25,
    "83": 19,
    "84": 27,
    "85": 25,
    "86": 26,
    "87": 24,
    "88": 17,
    "89": 25,
    "90": 11,
    "91": 25
  }
}