{
  "metadata": {
    "tool_name": "DamageProfiler",
    "version": "1.1",
    "sample_name": "RxA004.ReedbuckBh_Human_nc.Target.rmdup.noMicro.bam"
  },
  "lendist_fw": {
    "32": 37,
    "33": 11,
    "34": 3,
    "66": 1,
    "35": 3,
    "36": 2,
    "37": 1,
    "38": 2,
    "72": 1,
    "41": 1,
    "74": 1,
    "44": 1,
    "46": 1,
    "47": 1,
    "48": 1,
    "83": 1,
    "84": 2,
    "54": 1,
    "30": 196,
    "31": 77
  },
  "dmg_5p": [
    0.022727272727272728,
    0.017094017094017096,
    0.01652892561983471,
    0.007194244604316547,
    0.02097902097902098,
    0.016129032258064516,
    0.017241379310344827,
    0.0,
    0.022058823529411766,
    0.04794520547945205,
    0.045454545454545456,
    0.03571428571428571,
    0.014814814814814815,
    0.02564102564102564,
    0.0,
    0.03571428571428571,
    0.0189873417721519,
    0.014598540145985401,
    0.0,
    0.014492753623188406,
    0.04918032786885246,
    0.00847457627118644,
    0.0,
    0.014285714285714285,
    0.008
  ],
  "summary_stats": {
    "std": 9.881654513711878,
    "median": 30.0,
    "mean_readlength": 32.870875179340025
  },
  "dmg_3p": [
    0.04878048780487805,
    0.028846153846153848,
    0.014598540145985401,
    0.03076923076923077,
    0.031496062992125984,
    0.017241379310344827,
    0.05042016806722689,
    0.03125,
    0.034013605442176874,
    0.031496062992125984,
    0.061946902654867256,
    0.032520325203252036,
    0.05434782608695652,
    0.051470588235294115,
    0.022727272727272728,
    0.016,
    0.00819672131147541,
    0.02608695652173913,
    0.04225352112676056,
    0.015748031496062992,
    0.05357142857142857,
    0.02564102564102564,
    0.07142857142857142,
    0.03875968992248062,
    0.013888888888888888
  ],
  "lendist_rv": {
    "32": 34,
    "33": 10,
    "34": 4,
    "35": 2,
    "67": 1,
    "36": 3,
    "37": 2,
    "39": 1,
    "41": 1,
    "42": 1,
    "74": 1,
    "75": 1,
    "45": 1,
    "51": 1,
    "52": 1,
    "149": 1,
    "30": 161,
    "31": 87,
    "63": 1
  }
}