{
  "metadata": {
    "tool_name": "DamageProfiler",
    "version": "1.1",
    "sample_name": "ToA032.ElandCommon_Human_nc.Target.rmdup.noMicro.bam"
  },
  "lendist_fw": {
    "32": 6,
    "33": 2,
    "34": 2,
    "35": 3,
    "36": 3,
    "37": 1,
    "38": 2,
    "40": 1,
    "42": 1,
    "53": 1,
    "55": 1,
    "30": 20,
    "31": 14
  },
  "dmg_5p": [
    0.05,
    0.05555555555555555,
    0.0,
    0.1,
    0.04,
    0.0,
    0.038461538461538464,
    0.08,
    0.0,
    0.0,
    0.07142857142857142,
    0.0625,
    0.043478260869565216,
    0.0,
    0.0,
    0.0,
    0.0,
    0.0,
    0.045454545454545456,
    0.0625,
    0.0,
    0.0,
    0.045454545454545456,
    0.0,
    0.0
  ],
  "summary_stats": {
    "std": 5.357053321516368,
    "median": 31.0,
    "mean_readlength": 33.43356643356643
  },
  "dmg_3p": [
    0.0,
    0.14285714285714285,
    0.0,
    0.0,
    0.0,
    0.045454545454545456,
    0.0,
    0.0,
    0.08695652173913043,
    0.0,
    0.0,
    0.0,
    0.0,
    0.0,
    0.045454545454545456,
    0.0,
    0.0,
    0.0,
    0.0,
    0.0,
    0.0,
    0.0,
    0.0,
    0.047619047619047616,
    0.0
  ],
  "lendist_rv": {
    "32": 6,
    "33": 3,
    "49": 1,
    "34": 4,
    "35": 3,
    "36": 1,
    "42": 1,
    "44": 1,
    "30": 25,
    "31": 16,
    "47": 1
  }
}