{
  "metadata": {
    "tool_name": "DamageProfiler",
    "version": "1.1",
    "sample_name": "ScA046.BuffaloCape_Human_nc.Target.rmdup.noMicro.bam"
  },
  "lendist_fw": {
    "32": 25,
    "33": 12,
    "34": 13,
    "50": 1,
    "35": 3,
    "36": 5,
    "37": 1,
    "30": 94,
    "31": 63
  },
  "dmg_5p": [
    0.03125,
    0.017543859649122806,
    0.0,
    0.013513513513513514,
    0.03508771929824561,
    0.0,
    0.0,
    0.021739130434782608,
    0.05084745762711865,
    0.0,
    0.020833333333333332,
    0.02127659574468085,
    0.045454545454545456,
    0.02040816326530612,
    0.03333333333333333,
    0.02,
    0.0,
    0.02127659574468085,
    0.04,
    0.022727272727272728,
    0.05263157894736842,
    0.0,
    0.057692307692307696,
    0.03225806451612903,
    0.02127659574468085
  ],
  "summary_stats": {
    "std": 2.640381101083354,
    "median": 31.0,
    "mean_readlength": 31.426605504587155
  },
  "dmg_3p": [
    0.0625,
    0.021739130434782608,
    0.0392156862745098,
    0.0,
    0.027777777777777776,
    0.018867924528301886,
    0.08333333333333333,
    0.03125,
    0.03773584905660377,
    0.0425531914893617,
    0.0,
    0.06521739130434782,
    0.11627906976744186,
    0.0196078431372549,
    0.022222222222222223,
    0.0,
    0.06521739130434782,
    0.03278688524590164,
    0.023809523809523808,
    0.047619047619047616,
    0.04081632653061224,
    0.04081632653061224,
    0.041666666666666664,
    0.029850746268656716,
    0.03389830508474576
  ],
  "lendist_rv": {
    "32": 26,
    "33": 12,
    "34": 4,
    "36": 2,
    "37": 2,
    "53": 1,
    "38": 1,
    "39": 1,
    "41": 1,
    "30": 103,
    "31": 46
  }
}